Submitted at,What is your age? üë∂üèªüëµüèª,What's your nationality?,What is your civil status? üíç,What's your sexual orientation?,Do you have children? üçº,What is the maximum level of studies you have achieved? üéì,Gross annual salary (in euros) üí∏,What's your height? in cm üìè,What's your weight? in Kg ‚öñÔ∏è,What is your body complexity? üèãÔ∏è,What is your eye color? üëÅÔ∏è,What is your hair color? üë©ü¶∞üë±üèΩ,What is your skin tone?,How long is your hair? üíáüèª‚ôÄÔ∏èüíáüèΩ‚ôÇÔ∏è,How long is your facial hair? üßîüèª,How often do you wear glasses? üëì,How attractive do you consider yourself?,Have you ever use an oline dating app?,Where have you met your sexual partners? (In a Bar or Restaurant),Where have you met your sexual partners? (Through Friends),Where have you met your sexual partners? (Through Work or as Co-Workers),Where have you met your sexual partners? (Through Family),Where have you met your sexual partners? (in University),Where have you met your sexual partners? (in Primary or Secondary School),Where have you met your sexual partners? (Neighbors),Where have you met your sexual partners? (in Church),Where have you met your sexual partners? (Other),How many people have you kissed?,How many sexual partners have you had?,How many people have you considered as your boyfriend_girlfriend?,How many times per month did you practice sex lately?,Happiness scale,What area of knowledge is closer to you?,"If you are in a relationship, how long have you been with your partner?"
2023-01-09 18:00:35+00:00,51,,Married,,Yes,PhD,125000.0,180,82.0,Average,Brown,Brown,4,Short,No facial hair,Constantly,5,No,False,False,False,False,True,False,False,False,False,4,1,2,25.0,9,['Computer Science' 'Science'],
2023-01-09 18:02:25+00:00,28,,Single,,No,Master,90000.0,186,83.0,Muscular,Brown,Brown,1,Short,Short beard (few days),Rarely,8,Yes,True,True,False,False,True,False,False,False,False,70,30,0,4.0,7,['Enginering & Architecture' 'Computer Science'],
2023-01-09 18:05:17+00:00,45,,Married,,Yes,Master,90000.0,190,107.0,Overweight,Hazel,White,6,Long,Medium (weeks),Constantly,6,No,False,False,False,False,False,False,False,False,False,8,4,3,3.0,10,['Art & Humanities'],
2023-01-09 18:06:36+00:00,29,,Single,,No,Master,55000.0,164,62.0,Average,Brown,Black,2,Medium,No facial hair,Constantly,6,Yes,False,True,True,False,False,False,False,False,False,2,2,0,2.0,8,['Health' 'Business' 'Computer Science'],
2023-01-09 18:13:45+00:00,27,,In a Relationship,,No,Master,25000.0,163,55.0,Average,Green,Brown,2,Long,No facial hair,Rarely,8,Yes,True,True,False,False,False,False,False,False,False,50,25,7,10.0,8,['Art & Humanities'],
2023-01-09 18:13:57+00:00,46,,Married,,Yes,Master,60000.0,186,100.0,Overweight,Brown,Brown,2,Short,No facial hair,Constantly,5,No,False,False,False,False,True,False,False,False,False,4,2,3,2.0,8,['Computer Science' 'Business' 'Enginering & Architecture'],
2023-01-09 18:16:38+00:00,39,,Married,,No,PhD,40000.0,180,70.0,Thin,Brown,Red,1,Medium,Medium (weeks),Constantly,7,No,False,False,True,False,False,False,False,False,False,2,1,1,4.0,8,['Computer Science'],
2023-01-09 18:17:47+00:00,44,,Married,,Yes,Master,130000.0,178,102.0,Muscular,Brown,Other,3,Medium,Short beard (few days),Constantly,5,No,False,False,False,False,True,False,False,False,False,15,6,3,4.0,6,['Business'],
2023-01-09 18:18:24+00:00,29,,In a Relationship Cohabiting,,No,Master,43000.0,173,90.0,Overweight,Green,Brown,3,Short,Short beard (few days),Rarely,6,Yes,False,False,False,False,True,False,False,False,False,1,1,1,10.0,8,['Enginering & Architecture'],
2023-01-09 18:18:47+00:00,45,,Married,,Yes,Master,70000.0,175,78.0,Average,Brown,Brown,2,Short,Short beard (few days),Rarely,7,No,False,False,False,False,False,True,False,False,False,30,7,1,7.0,7,['Business'],
2023-01-09 18:19:03+00:00,28,,In a Relationship,,No,College Degree,30.0,168,57.0,Thin,Brown,Black,4,Medium,No facial hair,Occasioanlly,7,Yes,False,True,True,False,True,True,False,False,False,8,5,2,5.0,8,['Art & Humanities'],
2023-01-09 18:21:39+00:00,42,,In a Relationship,,No,Master,100000.0,185,95.0,Muscular,Brown,Grey,2,Short,Short beard (few days),Constantly,6,No,False,True,True,False,False,False,False,False,False,30,25,4,5.0,8,['Other'],
2023-01-09 18:22:34+00:00,40,,Single,,No,PhD,30000.0,185,90.0,Average,Green,Black,4,Long,Medium (weeks),Occasioanlly,6,Yes,False,True,False,False,False,False,False,False,False,10,4,2,0.0,6,['Science'],
2023-01-09 18:25:34+00:00,41,,In a Relationship,,No,Master,48000.0,173,72.0,Average,Blue,Blonde,0,Short,Medium (weeks),Regularly,7,Yes,False,True,False,False,False,False,False,False,False,30,25,20,10.0,8,['Business'],
2023-01-09 18:27:22+00:00,34,,Married,,No,College Degree,70000.0,175,75.0,Overweight,Brown,Brown,1,Short,Medium (weeks),Rarely,7,No,True,True,True,False,True,False,False,False,False,25,10,3,3.0,7,['Enginering & Architecture' 'Art & Humanities'],
2023-01-09 18:32:25+00:00,42,,Married,,Yes,Master,60000.0,183,73.0,Thin,Blue,Brown,5,Short,Short beard (few days),Occasioanlly,7,Yes,False,True,False,False,True,False,False,False,False,20,10,5,1.0,7,['Enginering & Architecture'],
2023-01-09 18:37:46+00:00,27,,Single,,No,Master,55000.0,178,75.0,Average,Brown,Brown,3,Short,No facial hair,Rarely,5,Yes,False,True,False,False,True,False,False,False,False,6,3,0,0.0,6,['Enginering & Architecture'],
2023-01-09 18:38:07+00:00,22,,Single,,No,College Degree,28000.0,181,65.0,Average,Brown,Brown,4,Short,Short beard (few days),Rarely,9,No,False,True,True,False,False,True,False,False,False,10,2,1,0.0,8,['Computer Science'],
2023-01-09 18:39:57+00:00,60,,In a Relationship Cohabiting,,No,PhD,200000.0,170,64.0,Thin,Brown,Brown,3,Short,No facial hair,Constantly,6,No,True,False,False,False,False,False,False,False,False,10,10,3,0.0,8,['Business' 'Law & Social Science'],
2023-01-09 18:40:12+00:00,36,,In a Relationship Cohabiting,,No,Master,45000.0,170,75.0,Muscular,Brown,Black,1,Short,Medium (weeks),Rarely,7,No,True,False,False,False,False,False,False,False,False,8,10,1,3.0,4,['Business'],
2023-01-09 18:43:45+00:00,49,,Married,,Yes,Master,24000.0,173,64.0,Thin,Brown,Brown,4,Short,No facial hair,Constantly,8,No,True,True,False,True,False,False,False,False,False,25,11,4,5.0,8,['Art & Humanities'],
2023-01-09 18:48:50+00:00,51,,In a Relationship Cohabiting,,No,Master,48000.0,187,84.0,Thin,Brown,Grey,3,Short,Short beard (few days),Constantly,7,Yes,False,True,False,False,False,False,False,False,False,18,15,4,1.0,8,['Computer Science'],8.0
2023-01-09 18:52:13+00:00,27,,In a Relationship Cohabiting,,No,Master,42000.0,181,68.0,Thin,Brown,Black,1,Short,Medium (weeks),Rarely,6,Yes,False,False,False,False,True,False,False,False,False,10,5,3,7.0,9,['Computer Science'],3.0
2023-01-09 18:54:51+00:00,22,,Single,,No,College Degree,3000.0,176,66.0,Muscular,Brown,Brown,6,Short,No facial hair,Rarely,7,Yes,True,True,False,False,False,False,False,False,False,10,5,1,3.0,8,['Business'],
2023-01-09 18:54:57+00:00,44,,Divorced,,Yes,College Degree,50000.0,159,70.0,Overweight,Brown,Brown,5,Long,No facial hair,Rarely,7,Yes,False,True,True,False,True,False,True,False,False,50,100,4,2.0,6,['Art & Humanities' 'Computer Science'],
2023-01-09 18:57:18+00:00,31,,In a Relationship Cohabiting,,No,College Degree,62000.0,180,82.0,Average,Brown,Black,1,Short,Short beard (few days),Occasioanlly,7,Yes,False,True,True,False,True,False,False,False,False,35,8,3,12.0,7,['Business' 'Computer Science'],3.0
2023-01-09 19:05:18+00:00,46,,In a Relationship Cohabiting,,Yes,Master,40000.0,174,91.0,Overweight,Green,Brown,4,Short,Long (months),Regularly,8,Yes,True,True,True,True,True,False,True,True,False,66,52,4,6.0,8,['Enginering & Architecture' 'Computer Science'],13.0
2023-01-09 19:15:46+00:00,30,,In a Relationship Cohabiting,,Yes,Master,50000.0,192,95.0,Overweight,Green,Brown,4,Short,Short beard (few days),Constantly,8,No,True,True,True,False,False,True,False,False,False,10,5,2,8.0,8,['Business' 'Computer Science'],3.0
2023-01-09 19:53:00+00:00,39,,In a Relationship Cohabiting,,No,High School,8000.0,188,89.0,Average,Brown,Black,5,Short,Short beard (few days),Constantly,6,Yes,False,True,False,False,False,False,False,False,False,100,10,2,20.0,5,['Other'],12.0
2023-01-09 19:55:34+00:00,30,,Single,,No,PhD,38500.0,165,60.0,Thin,Grey,Blonde,4,Long,Short beard (few days),Constantly,7,Yes,False,True,False,False,True,False,False,False,False,8,3,3,0.0,5,['Computer Science' 'Enginering & Architecture' 'Science'],
2023-01-09 20:00:47+00:00,41,,Divorced,,No,Master,140000.0,182,74.0,Average,Brown,Brown,3,Short,No facial hair,Rarely,6,Yes,False,False,False,False,False,False,False,False,False,10,4,2,8.0,8,['Computer Science'],
2023-01-09 20:03:16+00:00,47,,Married,,Yes,PhD,78000.0,173,72.0,Average,Green,Brown,6,Medium,Short beard (few days),Rarely,8,No,False,False,False,False,False,False,False,False,False,25,20,5,5.0,9,['Enginering & Architecture'],20.0
2023-01-09 20:05:43+00:00,39,,In a Relationship Cohabiting,,No,Master,35000.0,170,90.0,Overweight,Brown,Other,5,Short,Medium (weeks),Constantly,6,Yes,False,True,False,False,False,False,False,False,False,50,36,5,10.0,5,['Art & Humanities'],12.0
2023-01-09 20:07:48+00:00,29,,Married,,No,Master,82000.0,174,75.0,Average,Green,Brown,5,Short,No facial hair,Rarely,7,No,False,True,False,False,False,False,False,False,False,5,1,1,8.0,9,['Science' 'Business'],12.0
2023-01-09 20:13:24+00:00,35,,In a Relationship Cohabiting,,No,Master,79000.0,178,120.0,Obese,Brown,Brown,0,Short,No facial hair,Rarely,6,Yes,False,True,False,False,False,False,False,False,False,25,20,2,6.0,10,['Computer Science'],2.0
2023-01-09 20:14:57+00:00,34,,In a Relationship Cohabiting,,No,College Degree,54000.0,184,76.0,Average,Brown,Brown,4,Short,Short beard (few days),Regularly,7,Yes,False,True,True,False,True,True,False,False,False,25,10,3,6.0,10,['Art & Humanities' 'Enginering & Architecture' 'Computer Science'],3.0
2023-01-09 20:22:23+00:00,30,,In a Relationship Cohabiting,,No,Master,60000.0,180,80.0,Average,Brown,Black,4,Short,Long (months),Constantly,7,Yes,False,False,True,False,True,True,False,False,False,30,15,5,0.0,9,['Computer Science'],3.0
2023-01-09 20:23:32+00:00,24,,In a Relationship Cohabiting,,No,Master,22000.0,176,68.0,Average,Green,Black,1,Short,Short beard (few days),Rarely,8,Yes,False,True,False,False,True,True,False,False,False,15,10,5,10.0,8,['Business'],4.0
2023-01-09 20:29:09+00:00,34,,Single,,No,PhD,50000.0,181,76.0,Thin,Blue,Brown,1,Short,Short beard (few days),Constantly,7,Yes,False,False,False,False,False,False,False,False,False,50,50,2,6.0,7,['Computer Science' 'Science'],
2023-01-09 20:38:39+00:00,65,,Married,,Yes,Master,50000.0,168,82.0,Muscular,Blue,Black,1,Medium,Medium (weeks),Constantly,7,No,False,False,False,False,True,False,False,False,False,1,1,1,1.0,8,['Business'],30.0
2023-01-09 20:40:04+00:00,37,,Married,,Yes,Master,75000.0,172,54.0,Thin,Brown,Brown,2,Long,No facial hair,Rarely,7,No,True,True,True,False,False,False,False,False,False,30,15,3,6.0,8,['Business'],10.0
2023-01-09 20:45:28+00:00,55,,Divorced,,Yes,Master,100000.0,170,74.0,Average,Brown,Brown,4,Bald,Long (months),Regularly,6,Yes,False,True,False,False,False,False,False,False,False,20,6,4,4.0,6,['Business' 'Computer Science' 'Enginering & Architecture'],10.0
2023-01-09 20:46:15+00:00,42,,Married,,Yes,PhD,45000.0,168,69.0,Average,Hazel,Red,3,Long,No facial hair,Rarely,7,Yes,True,True,False,False,True,True,False,False,False,200,100,3,25.0,10,['Science'],20.0
2023-01-09 20:46:54+00:00,47,,Married,,Yes,PhD,85000.0,175,90.0,Average,Green,Brown,2,Medium,No facial hair,Constantly,6,Yes,False,False,False,False,False,False,False,False,True,4,4,3,2.0,8,['Computer Science'],10.0
2023-01-09 21:34:21+00:00,27,,Single,,No,Master,44000.0,175,79.0,Muscular,Brown,Brown,3,Short,Short beard (few days),Rarely,7,Yes,False,False,False,False,False,False,False,False,False,30,18,2,3.0,4,['Business' 'Enginering & Architecture'],2.0
2023-01-09 21:48:57+00:00,32,,In a Relationship Cohabiting,,No,College Degree,40000.0,163,65.0,Average,Brown,Brown,4,Long,No facial hair,Constantly,7,Yes,False,True,True,False,True,False,False,False,False,60,30,3,10.0,9,['Enginering & Architecture'],3.0
2023-01-09 21:55:35+00:00,27,,In a Relationship Cohabiting,,No,College Degree,45000.0,170,62.0,Average,Green,Brown,3,Short,Short beard (few days),Rarely,9,No,False,False,False,False,False,True,False,False,False,2,1,1,15.0,6,['Computer Science'],8.0
2023-01-09 21:57:31+00:00,36,,Married,,Yes,Master,500000.0,178,80.0,Average,Brown,Black,2,Short,Short beard (few days),Rarely,6,Yes,True,True,False,False,True,True,False,False,True,60,50,5,4.0,5,['Computer Science'],10.0
2023-01-09 21:59:39+00:00,30,,Single,,No,Master,16000.0,170,60.0,Average,Brown,Brown,4,Long,No facial hair,Rarely,5,No,False,True,False,False,False,False,False,False,False,12,7,2,0.0,4,['Science'],
2023-01-09 22:03:36+00:00,26,,Single,,No,College Degree,32000.0,168,70.0,Muscular,Brown,Brown,5,Short,No facial hair,Constantly,3,Yes,True,True,False,False,True,False,False,False,False,5,1,1,0.0,8,['Computer Science'],
2023-01-09 22:13:47+00:00,33,,In a Relationship,,No,Master,50000.0,170,62.0,Average,Green,Black,6,Short,Short beard (few days),Regularly,7,Yes,True,True,False,False,False,False,False,False,False,50,30,3,15.0,8,['Business' 'Science'],0.5
2023-01-09 22:16:50+00:00,26,,In a Relationship Cohabiting,,No,High School,36000.0,170,82.0,Muscular,Green,Brown,5,Short,No facial hair,Rarely,6,No,False,True,False,False,False,False,False,False,False,50,8,2,6.0,10,['Computer Science'],4.5
2023-01-09 22:19:11+00:00,32,,In a Relationship Cohabiting,,No,Master,75000.0,175,68.0,Average,Green,Brown,0,Short,Long (months),Regularly,7,Yes,True,True,False,False,False,False,False,False,False,150,30,3,8.0,9,['Computer Science' 'Enginering & Architecture' 'Business'],3.5
2023-01-09 22:34:09+00:00,30,,In a Relationship,,No,PhD,30000.0,190,110.0,Muscular,Brown,Brown,5,Short,Short beard (few days),Rarely,6,No,False,True,False,False,False,False,False,False,False,30,8,2,10.0,10,['Business'],3.0
2023-01-09 22:36:25+00:00,26,,In a Relationship Cohabiting,,No,Master,34.0,178,60.0,Average,Brown,Black,5,Short,Short beard (few days),Rarely,7,No,False,True,False,False,False,False,False,False,False,10,2,2,4.0,9,['Computer Science'],6.0
2023-01-09 22:38:11+00:00,34,,Married,,Yes,Master,40000.0,183,68.0,Thin,Brown,Brown,3,Medium,Short beard (few days),Rarely,7,No,True,False,False,False,False,False,False,False,False,6,4,1,4.0,9,['Enginering & Architecture'],12.0
2023-01-09 22:42:41+00:00,19,,Single,,No,College Degree,15000.0,160,51.0,Average,Green,Brown,0,Medium,No facial hair,Rarely,7,No,False,False,False,False,True,False,False,False,False,7,1,1,5.0,6,['Science' 'Computer Science'],11.0
2023-01-09 22:55:14+00:00,41,,Married,,Yes,Master,50000.0,170,71.0,Overweight,Brown,Black,1,Short,Medium (weeks),Rarely,7,No,True,False,False,False,False,False,False,False,False,50,15,7,4.0,8,['Law & Social Science'],14.0
2023-01-09 23:21:34+00:00,26,,In a Relationship,,No,Master,45000.0,175,65.0,Average,Brown,Brown,2,Short,No facial hair,Constantly,8,No,True,True,True,False,False,False,False,False,False,20,10,1,15.0,7,['Enginering & Architecture'],8.0
2023-01-09 23:28:38+00:00,43,,In a Relationship Cohabiting,,No,Master,65.0,177,70.0,Average,Green,Blonde,6,Medium,Short beard (few days),Rarely,7,Yes,False,True,False,False,False,False,False,False,False,50,40,5,10.0,9,['Computer Science' 'Business'],1.0
2023-01-09 23:48:39+00:00,25,,In a Relationship Cohabiting,,No,High School,100000.0,193,93.0,Average,Brown,Brown,3,Short,No facial hair,Constantly,6,Yes,False,True,False,False,False,False,False,False,False,3,1,2,3.0,8,['Computer Science'],2.0
2023-01-09 23:49:09+00:00,23,,In a Relationship,,No,College Degree,6000.0,176,93.0,Overweight,Brown,Brown,4,Short,No facial hair,Rarely,4,No,False,False,False,False,False,False,False,False,False,3,3,1,7.0,8,['Science'],5.17
2023-01-10 00:12:18+00:00,30,,Single,,No,College Degree,40000.0,170,60.0,Thin,Brown,Black,7,Short,Short beard (few days),Rarely,4,No,False,False,False,False,False,False,False,False,True,2,2,1,0.0,4,['Business' 'Computer Science'],
2023-01-10 05:08:26+00:00,41,,Married,,Yes,Master,52000.0,175,60.0,Thin,Brown,Black,4,Short,Short beard (few days),Rarely,5,No,False,True,False,False,False,False,False,False,False,2,2,2,6.0,8,['Enginering & Architecture'],18.0
2023-01-10 05:27:53+00:00,48,,Single,,No,Technical Education (FP),45000.0,175,83.0,Overweight,Brown,Brown,3,Short,Short beard (few days),Constantly,7,Yes,False,True,True,False,False,False,False,False,True,20,14,3,0.0,7,['Other'],5.0
2023-01-10 05:40:19+00:00,26,,In a Relationship,,No,College Degree,30000.0,161,69.0,Overweight,Brown,Brown,2,Long,No facial hair,Constantly,6,Yes,True,True,False,False,False,False,False,False,False,50,8,2,20.0,7,['Health'],0.6
2023-01-10 06:30:55+00:00,41,,Single,,Yes,Master,150000.0,173,69.0,Average,Green,Brown,4,Short,No facial hair,Rarely,7,No,True,True,False,False,False,False,False,False,False,50,15,4,6.0,8,['Business'],8.0
2023-01-10 08:19:04+00:00,35,,In a Relationship Cohabiting,,No,College Degree,30000.0,170,56.0,Thin,Brown,Brown,2,Long,No facial hair,Occasioanlly,7,No,False,True,True,False,False,False,False,False,False,10,6,3,2.0,10,['Computer Science' 'Art & Humanities'],5.0
2023-01-10 08:31:59+00:00,30,,Single,,No,College Degree,40.0,183,99.0,Overweight,Brown,Brown,3,Short,Short beard (few days),Regularly,7,Yes,False,False,True,False,False,False,False,False,False,15,10,3,1.0,7,['Other'],
2023-01-10 08:39:40+00:00,31,,In a Relationship,,No,Master,80000.0,167,58.0,Muscular,Brown,Brown,0,Long,No facial hair,Occasioanlly,8,Yes,True,True,False,False,False,False,False,False,False,63,6,3,16.0,9,['Business'],1.0
2023-01-10 08:40:00+00:00,26,,Single,,No,Master,75000.0,179,72.0,Average,Green,Brown,4,Short,Short beard (few days),Rarely,8,Yes,True,True,False,False,True,False,False,False,False,100,21,2,1.0,9,['Law & Social Science'],
2023-01-10 08:50:32+00:00,47,,Married,,Yes,Master,100000.0,186,85.0,Average,Green,Brown,3,Short,Short beard (few days),Rarely,5,No,True,True,True,False,True,False,False,False,False,20,15,3,1.0,9,['Business'],15.0
2023-01-10 09:32:43+00:00,28,,In a Relationship,,No,Master,50000.0,183,75.0,Average,Brown,Brown,1,Short,Short beard (few days),Rarely,7,Yes,True,False,False,False,False,False,False,False,False,20,15,4,10.0,10,['Computer Science'],4.0
2023-01-10 10:09:42+00:00,26,,Single,,No,Master,36000.0,175,80.0,Muscular,Brown,Brown,3,Short,Medium (weeks),Rarely,7,No,False,False,False,False,True,False,False,False,False,15,1,1,8.0,10,['Business'],7.0
2023-01-10 10:11:46+00:00,27,,In a Relationship Cohabiting,,No,Master,40000.0,165,54.0,Thin,Brown,Brown,5,Long,No facial hair,Constantly,7,No,False,True,False,False,True,False,False,False,False,4,2,2,12.0,8,['Business'],8.0
2023-01-10 10:39:41+00:00,29,,In a Relationship Cohabiting,,No,College Degree,31.0,188,80.0,Muscular,Blue,Red,1,Medium,Medium (weeks),Regularly,8,Yes,True,True,True,False,True,True,False,False,False,200,75,4,6.0,8,['Business'],3.0
2023-01-10 10:54:21+00:00,32,,Single,,No,Master,150000.0,170,65.0,Thin,Blue,Brown,0,Long,Medium (weeks),Occasioanlly,7,Yes,False,False,False,False,True,True,False,False,True,6,5,3,6.0,8,['Computer Science' 'Enginering & Architecture'],
2023-01-10 10:57:46+00:00,40,,In a Relationship,,No,Master,30000.0,172,73.0,Average,Brown,Black,5,Short,Long (months),Rarely,6,Yes,True,True,False,False,False,False,False,False,False,40,30,6,8.0,9,['Other'],0.3
2023-01-10 11:35:50+00:00,41,,Single,,No,Master,40000.0,188,85.0,Average,Brown,Black,4,Short,No facial hair,Rarely,7,No,False,False,True,False,False,False,False,False,False,20,4,3,10.0,6,['Computer Science'],18.0
2023-01-10 12:26:27+00:00,27,,Single,,No,Master,34000.0,157,47.0,Average,Blue,Blonde,1,Long,No facial hair,Regularly,8,No,True,True,True,False,False,True,False,False,False,30,10,2,0.0,5,['Business'],
2023-01-10 12:28:15+00:00,46,,Married,,Yes,Master,77000.0,178,82.0,Average,Green,Blue,2,Short,No facial hair,Rarely,6,No,False,True,False,False,True,False,False,False,False,6,3,4,1.0,9,['Enginering & Architecture'],18.0
2023-01-10 12:48:13+00:00,33,,In a Relationship Cohabiting,,No,College Degree,28000.0,166,60.0,Average,Brown,Brown,3,Long,No facial hair,Rarely,6,Yes,False,True,True,False,False,False,False,False,False,11,6,1,12.0,6,['Business'],5.5
2023-01-10 14:43:03+00:00,27,,Single,,No,Master,40000.0,168,61.0,Average,Brown,Black,1,Long,No facial hair,Regularly,6,Yes,True,True,True,False,True,False,False,False,False,10,4,0,5.0,9,['Computer Science' 'Enginering & Architecture'],
2023-01-10 16:23:00+00:00,59,,Married,,Yes,College Degree,50000.0,176,88.0,Overweight,Blue,Blonde,2,Short,Short beard (few days),Constantly,5,No,False,False,True,False,False,False,True,False,False,7,2,3,2.0,5,['Art & Humanities'],13.0
2023-01-10 16:24:38+00:00,29,,Single,,No,Master,36000.0,175,69.0,Average,Brown,Brown,5,Medium,Medium (weeks),Constantly,6,Yes,True,True,False,False,True,False,False,False,False,30,15,2,2.0,8,['Enginering & Architecture'],
2023-01-10 16:26:53+00:00,41,,Married,,Yes,Master,95000.0,178,102.0,Overweight,Green,Brown,1,Short,Medium (weeks),Occasioanlly,8,No,False,True,False,False,True,True,False,False,True,10,4,5,20.0,9,['Science' 'Enginering & Architecture' 'Computer Science'],18.0
2023-01-10 16:28:18+00:00,23,,Single,,No,College Degree,0.0,184,95.0,Average,Blue,Brown,1,Short,Short beard (few days),Rarely,6,No,True,True,False,False,True,False,False,False,False,6,2,0,0.0,8,['Law & Social Science'],
2023-01-10 16:32:03+00:00,39,,Married,,No,College Degree,37000.0,183,94.0,Overweight,Brown,Black,5,Bald,Medium (weeks),Regularly,7,No,True,True,True,False,False,False,False,False,False,12,6,1,0.0,3,['Art & Humanities'],16.0
2023-01-10 16:36:05+00:00,41,,In a Relationship Cohabiting,,Yes,College Degree,15000.0,185,88.0,Average,Brown,Black,1,Short,Short beard (few days),Rarely,6,Yes,False,False,False,False,False,False,False,False,True,8,2,2,1.0,7,['Enginering & Architecture' 'Computer Science'],7.0
2023-01-10 16:37:09+00:00,31,,In a Relationship,,No,Master,50000.0,175,74.0,Muscular,Blue,Brown,2,Short,Short beard (few days),Rarely,8,No,True,True,False,False,False,False,False,False,True,15,5,1,5.0,7,['Business'],12.0
2023-01-10 16:43:03+00:00,36,,Married,,Yes,PhD,46000.0,184,73.0,Average,Brown,Brown,2,Short,Short beard (few days),Rarely,7,No,False,True,False,False,True,False,False,False,True,4,3,3,1.0,9,['Science'],15.0
2023-01-10 17:08:37+00:00,31,,In a Relationship Cohabiting,,No,Master,26000.0,156,57.0,Average,Brown,Brown,3,Long,No facial hair,Constantly,8,No,False,True,False,False,False,False,False,False,True,15,6,2,3.0,7,['Science'],15.0
2023-01-10 17:08:46+00:00,30,,Married,,No,Master,65000.0,180,80.0,Average,Brown,Brown,0,Short,Short beard (few days),Constantly,7,Yes,False,True,True,False,True,False,False,False,False,15,10,4,4.0,10,['Computer Science'],5.0
2023-01-10 17:17:38+00:00,45,,In a Relationship,,Yes,High School,35000.0,172,73.0,Overweight,Brown,Brown,4,Bald,Short beard (few days),Rarely,5,Yes,True,False,False,False,False,False,False,False,False,40,35,1,5.0,6,['Business' 'Computer Science'],10.0
2023-01-10 17:18:00+00:00,37,,In a Relationship Cohabiting,,Yes,College Degree,75000.0,180,72.0,Thin,Brown,Brown,2,Bald,Medium (weeks),Constantly,5,Yes,False,False,True,False,True,True,False,False,False,10,5,4,8.0,8,['Computer Science' 'Enginering & Architecture'],4.0
2023-01-10 17:20:27+00:00,19,,In a Relationship,,No,College Degree,1600.0,186,71.0,Thin,Brown,Brown,4,Short,No facial hair,Rarely,7,No,False,False,False,False,False,True,False,False,False,2,2,1,5.0,10,['Computer Science'],3.0
2023-01-10 17:32:25+00:00,25,,In a Relationship,,No,PhD,35000.0,181,72.0,Average,Brown,Black,3,Short,No facial hair,Rarely,6,No,False,False,False,False,True,False,False,False,False,20,10,2,3.0,3,['Other'],4.0
2023-01-10 17:33:18+00:00,29,,In a Relationship,,No,PhD,30000.0,175,68.0,Muscular,Blue,Blonde,2,Short,Short beard (few days),Regularly,8,No,False,False,False,False,False,False,False,False,True,4,3,3,10.0,10,['Law & Social Science'],0.75
2023-01-10 17:33:54+00:00,32,,In a Relationship Cohabiting,,Yes,College Degree,800.0,170,64.0,Average,Green,Brown,2,Medium,No facial hair,Regularly,5,No,False,False,True,False,False,False,False,False,False,20,15,3,1.0,5,['Business'],4.0
2023-01-10 17:37:43+00:00,21,,In a Relationship,,No,High School,0.0,150,47.0,Thin,Brown,Brown,4,Medium,No facial hair,Constantly,7,No,False,False,False,False,False,False,False,False,True,10,2,2,10.0,8,['Health'],0.75
2023-01-10 17:41:35+00:00,47,,In a Relationship,,Yes,Master,60000.0,170,62.0,Average,Hazel,Brown,3,Medium,No facial hair,Occasioanlly,6,No,False,True,False,False,False,False,False,False,False,20,6,2,10.0,9,['Law & Social Science'],
2023-01-10 17:41:37+00:00,28,,In a Relationship Cohabiting,,No,Master,40000.0,174,71.0,Overweight,Green,Brown,5,Medium,No facial hair,Rarely,8,Yes,False,True,False,False,True,False,False,False,False,9,3,2,4.0,8,['Business'],5.0
2023-01-10 17:52:43+00:00,35,,Single,,No,Master,42000.0,177,81.0,Muscular,Brown,Brown,5,Medium,Short beard (few days),Regularly,8,Yes,True,True,True,False,False,False,False,False,False,500,60,4,8.0,8,['Computer Science' 'Business'],
2023-01-10 17:59:03+00:00,24,,In a Relationship Cohabiting,,No,Master,13200.0,173,84.0,Average,Green,Black,2,Short,Short beard (few days),Occasioanlly,6,No,False,False,False,False,True,False,False,False,False,5,3,3,3.0,8,['Law & Social Science'],3.0
2023-01-10 19:43:58+00:00,35,,In a Relationship,,No,PhD,52000.0,162,52.0,Average,Brown,Brown,3,Long,No facial hair,Occasioanlly,7,Yes,False,True,True,False,False,False,False,False,False,20,13,3,15.0,8,['Law & Social Science'],0.8
2023-01-10 20:07:21+00:00,20,,Single,,No,High School,0.0,165,65.0,Average,Brown,Brown,4,Long,No facial hair,Constantly,6,No,True,True,False,False,False,False,False,False,False,7,3,0,0.0,7,['Law & Social Science' 'Business'],0.0
2023-01-10 20:36:14+00:00,22,,Single,,No,High School,0.0,170,70.0,Overweight,Blue,Brown,3,Short,No facial hair,Rarely,3,No,False,False,False,False,False,False,False,False,True,0,0,0,0.0,2,['Enginering & Architecture'],0.0
2023-01-10 20:42:03+00:00,40,,In a Relationship,,No,College Degree,45000.0,175,80.0,Average,Hazel,Blonde,3,Long,Short beard (few days),Rarely,5,No,False,False,False,False,True,False,True,False,False,4,3,3,10.0,9,['Computer Science' 'Health'],7.0
2023-01-10 20:52:23+00:00,59,,Married,,Yes,College Degree,40.0,177,84.0,Average,Blue,White,0,Medium,Short beard (few days),Regularly,7,No,False,True,True,True,False,False,False,False,False,10,9,4,2.0,7,['Business'],16.0
2023-01-10 20:57:01+00:00,42,,Single,,No,Master,72000.0,184,84.0,Average,Blue,Brown,3,Short,Short beard (few days),Constantly,6,Yes,True,True,True,False,True,False,False,False,False,30,10,3,10.0,6,['Law & Social Science'],
2023-01-10 21:04:48+00:00,31,,Single,,No,Master,160000.0,177,75.0,Muscular,Brown,Brown,1,Short,Short beard (few days),Rarely,7,Yes,True,True,True,False,False,False,False,False,False,50,30,3,10.0,7,['Computer Science'],
2023-01-10 22:26:42+00:00,36,,Married,,Yes,PhD,80000.0,173,65.0,Average,Brown,Brown,4,Long,No facial hair,Rarely,7,Yes,True,True,True,False,True,False,False,False,False,11,5,5,0.0,9,['Enginering & Architecture'],6.0
2023-01-10 22:56:04+00:00,24,,In a Relationship,,No,Master,24000.0,170,63.0,Thin,Brown,Brown,4,Short,No facial hair,Occasioanlly,8,No,False,False,False,False,False,True,False,False,False,8,1,1,12.0,9,['Law & Social Science'],7.0
2023-01-11 06:56:42+00:00,28,,Single,,No,Master,38000.0,177,70.0,Average,Brown,Brown,4,Short,Short beard (few days),Constantly,4,Yes,False,True,False,False,False,False,False,False,False,7,5,2,0.0,4,['Enginering & Architecture'],
2023-01-11 07:58:57+00:00,32,,Married,,Yes,Master,32000.0,184,92.0,Overweight,Brown,Brown,2,Bald,Medium (weeks),Constantly,6,No,False,False,False,False,True,False,False,False,False,12,6,1,2.0,8,['Computer Science'],10.0
2023-01-11 08:08:22+00:00,31,,Married,,No,Master,54000.0,170,74.0,Muscular,Green,Black,4,Long,Short beard (few days),Rarely,5,Yes,False,True,False,False,False,False,True,False,False,40,35,4,8.0,7,['Computer Science'],5.0
2023-01-11 08:55:18+00:00,32,,Married,,Yes,Master,135000.0,173,76.0,Muscular,Brown,Brown,4,Short,Short beard (few days),Rarely,8,No,False,False,False,False,False,True,False,False,False,13,1,3,1.0,9,['Computer Science'],15.0
2023-01-11 14:47:20+00:00,54,,Married,,Yes,PhD,60000.0,164,85.0,Overweight,Brown,Grey,5,Short,Short beard (few days),Occasioanlly,8,No,False,False,True,False,False,False,False,False,False,100,8,2,12.0,9,['Business' 'Law & Social Science'],29.0
2023-01-11 20:18:17+00:00,27,,In a Relationship,,No,Master,12.0,157,54.0,Average,Brown,Black,5,Long,No facial hair,Rarely,8,Yes,True,True,True,False,True,False,True,False,False,80,13,5,20.0,8,['Law & Social Science'],0.5
2023-01-11 20:35:42+00:00,25,,In a Relationship Cohabiting,,No,Master,38000.0,177,78.0,Muscular,Brown,Brown,3,Medium,Medium (weeks),Regularly,8,No,False,False,False,False,True,False,False,False,False,5,4,3,2.0,8,['Computer Science' 'Science'],4.0
2023-01-11 20:38:53+00:00,35,,Married,,Yes,Technical Education (FP),40000.0,172,85.0,Overweight,Brown,Brown,2,Short,No facial hair,Constantly,6,Yes,False,True,True,False,False,True,False,False,False,10,10,3,1.0,4,['Computer Science'],8.0
2023-01-11 21:01:24+00:00,41,,Married,,Yes,PhD,40000.0,174,70.0,Average,Brown,Brown,2,Short,Short beard (few days),Constantly,6,No,False,False,False,False,True,False,False,False,False,1,1,2,0.0,5,['Science'],18.0
2023-01-12 08:19:54+00:00,37,,In a Relationship Cohabiting,,Yes,Master,35000.0,173,90.0,Overweight,Brown,Black,5,Short,No facial hair,Regularly,6,Yes,True,False,False,False,False,False,False,False,False,20,10,3,0.0,8,['Business'],10.0
2023-01-12 08:20:15+00:00,22,,Single,,No,Secondary Education (ESO),60000.0,190,105.0,Average,Green,Black,2,Short,Short beard (few days),Occasioanlly,7,Yes,True,True,False,False,False,True,False,False,True,20,5,1,5.0,6,['Business'],
2023-01-12 08:24:58+00:00,32,,Single,,No,College Degree,28000.0,163,65.0,Average,Brown,Brown,1,Long,No facial hair,Rarely,7,Yes,False,True,True,True,True,True,False,False,False,25,15,7,0.0,7,['Other'],
2023-01-12 08:25:33+00:00,24,,In a Relationship,,No,College Degree,30000.0,153,58.0,Average,Brown,Brown,2,Medium,No facial hair,Rarely,7,Yes,False,False,False,False,True,True,False,False,False,57,45,5,2.0,9,['Art & Humanities'],3.0
2023-01-12 08:43:35+00:00,23,,In a Relationship Cohabiting,,No,College Degree,7200.0,176,105.0,Obese,Brown,Black,2,Short,Medium (weeks),Constantly,5,No,True,True,False,False,False,False,False,False,False,1,1,1,12.0,10,['Computer Science'],6.0
2023-01-12 08:47:32+00:00,51,,Married,,No,PhD,105000.0,169,62.0,Thin,Brown,Brown,4,Medium,No facial hair,Occasioanlly,7,No,False,True,False,False,False,False,False,False,False,8,1,2,0.0,6,['Science'],27.0
2023-01-12 08:50:51+00:00,50,,Married,,Yes,Master,49.0,165,70.0,Overweight,Blue,Red,2,Medium,No facial hair,Occasioanlly,5,No,False,False,False,False,False,True,False,False,False,3,1,1,2.0,8,['Art & Humanities'],32.0
2023-01-12 08:54:55+00:00,53,,Divorced,,Yes,Master,95000.0,178,80.0,Average,Blue,Black,2,Bald,No facial hair,Regularly,6,Yes,True,True,False,False,False,False,False,False,False,10,4,4,8.0,7,['Enginering & Architecture'],7.0
2023-01-12 09:00:07+00:00,55,,Married,,Yes,PhD,55000.0,177,94.0,Overweight,Green,Grey,1,Short,No facial hair,Constantly,7,No,False,False,False,False,False,False,False,True,False,5,1,3,20.0,8,['Computer Science'],40.0
2023-01-12 09:31:15+00:00,28,,In a Relationship,,No,College Degree,60000.0,177,70.0,Thin,Green,Brown,2,Medium,No facial hair,Occasioanlly,7,No,False,False,False,False,True,False,False,True,False,3,2,3,0.0,7,['Enginering & Architecture' 'Computer Science'],0.5
2023-01-12 10:24:58+00:00,24,,In a Relationship,,No,Master,15500.0,169,56.0,Average,Brown,Brown,5,Medium,No facial hair,Regularly,6,No,False,False,False,False,True,False,False,False,False,10,4,3,12.0,8,['Law & Social Science'],0.5
2023-01-12 10:26:36+00:00,21,,In a Relationship,,No,College Degree,0.0,175,83.0,Overweight,Brown,Red,1,Medium,No facial hair,Rarely,6,Yes,True,True,False,False,True,True,False,False,False,20,4,2,5.0,10,['Science' 'Health'],1.1
2023-01-12 10:29:34+00:00,20,,In a Relationship,,No,College Degree,0.0,191,73.0,Thin,Brown,Brown,2,Short,No facial hair,Regularly,7,Yes,False,True,False,False,True,True,False,False,False,4,2,2,5.0,10,['Computer Science'],1.0
2023-01-12 10:30:02+00:00,31,,In a Relationship,,No,Master,254000.0,179,74.0,Average,Brown,Blonde,2,Short,Short beard (few days),Occasioanlly,7,Yes,True,True,True,False,False,False,False,False,False,15,10,3,12.0,9,['Computer Science'],0.7
2023-01-12 11:34:51+00:00,33,,In a Relationship Cohabiting,,No,PhD,50014.0,176,75.0,Average,Brown,Blonde,1,Medium,No facial hair,Occasioanlly,6,Yes,False,False,True,False,False,False,False,False,False,11,7,3,5.0,8,['Science'],9.0
2023-01-12 12:15:08+00:00,28,,In a Relationship Cohabiting,,No,Master,20000.0,170,56.0,Thin,Brown,Brown,2,Medium,No facial hair,Rarely,7,No,True,True,False,False,False,False,False,False,False,10,5,4,6.0,7,['Business' 'Computer Science'],3.5
2023-01-12 15:59:56+00:00,52,,Divorced,,No,College Degree,35000.0,184,99.0,Thin,Brown,Grey,2,Long,Medium (weeks),Constantly,3,No,False,False,True,False,False,True,False,False,False,2,2,2,0.0,6,['Computer Science'],
2023-01-12 18:06:17+00:00,24,,In a Relationship,,No,College Degree,0.0,180,65.0,Thin,Brown,Brown,2,Short,Medium (weeks),Rarely,7,No,False,True,False,False,True,False,False,False,False,4,1,1,2.0,10,['Computer Science' 'Business'],5.0
2023-01-13 18:55:30+00:00,33,,In a Relationship Cohabiting,,No,Master,20000.0,162,56.0,Average,Brown,Brown,3,Short,No facial hair,Occasioanlly,8,Yes,True,True,False,False,False,False,False,False,False,200,100,3,8.0,8,['Health'],2.8
2023-01-13 20:02:09+00:00,32,,In a Relationship Cohabiting,,No,PhD,25000.0,176,66.0,Average,Hazel,Brown,3,Long,No facial hair,Occasioanlly,9,No,True,False,False,False,False,False,False,False,False,30,10,2,8.0,9,['Health'],10.0
2023-01-13 20:46:31+00:00,41,,Single,,No,Technical Education (FP),40000.0,178,115.0,Overweight,Brown,Brown,1,Medium,No facial hair,Occasioanlly,4,Yes,False,True,True,False,True,False,False,False,False,10,6,2,0.0,5,['Business'],
2023-01-14 08:36:05+00:00,46,,In a Relationship Cohabiting,,Yes,College Degree,40000.0,176,86.0,Overweight,Brown,Black,4,Bald,Medium (weeks),Rarely,6,No,False,True,False,False,False,False,False,False,False,2,2,1,1.0,6,['Computer Science'],20.0
2023-01-14 08:37:28+00:00,32,,In a Relationship,,No,Master,35000.0,174,71.0,Average,Brown,Grey,3,Short,Medium (weeks),Constantly,8,Yes,False,False,False,False,False,False,False,False,False,15,6,4,10.0,8,['Law & Social Science'],2.0
2023-01-14 08:39:51+00:00,39,,Married,,Yes,PhD,60000.0,163,52.0,Thin,Brown,Brown,3,Medium,No facial hair,Regularly,6,No,False,False,True,False,False,False,False,False,False,12,5,2,6.0,8,['Law & Social Science'],15.0
2023-01-14 08:40:37+00:00,38,,Single,,No,College Degree,45000.0,182,72.0,Thin,Brown,Black,0,Short,No facial hair,Rarely,6,Yes,False,False,False,False,False,False,False,False,True,3,0,0,0.0,2,['Computer Science'],
2023-01-14 08:44:54+00:00,45,,In a Relationship Cohabiting,,No,Secondary Education (ESO),21000.0,168,63.0,Thin,Green,Brown,1,Short,Short beard (few days),Constantly,4,No,False,True,False,False,False,False,False,False,False,1,1,1,2.0,8,['Enginering & Architecture'],13.0
2023-01-14 08:46:49+00:00,34,,In a Relationship Cohabiting,,No,College Degree,39000.0,180,82.0,Average,Green,Brown,1,Bald,Short beard (few days),Constantly,7,No,False,True,True,False,True,True,False,False,False,8,3,1,5.0,7,['Computer Science' 'Business'],11.0
2023-01-14 08:50:30+00:00,23,,In a Relationship,,No,College Degree,25000.0,174,67.0,Muscular,Brown,Brown,3,Short,Short beard (few days),Rarely,7,No,False,False,False,False,False,True,False,False,False,2,1,1,0.0,8,['Computer Science' 'Enginering & Architecture' 'Science'],8.0
2023-01-14 09:22:17+00:00,28,,Single,,No,Master,32000.0,170,64.0,Average,Brown,Brown,5,Long,No facial hair,Occasioanlly,7,Yes,True,True,True,False,True,False,False,False,False,35,18,2,8.0,8,['Enginering & Architecture'],4.0
2023-01-14 09:25:06+00:00,29,,Single,,No,Master,36000.0,174,70.0,Average,Brown,Brown,5,Short,No facial hair,Occasioanlly,7,Yes,False,False,False,False,False,False,False,False,False,6,1,0,0.0,8,['Law & Social Science'],
2023-01-14 10:32:41+00:00,36,,Divorced,,Yes,PhD,80000.0,160,56.0,Average,Brown,Blonde,4,Medium,No facial hair,Occasioanlly,8,Yes,False,False,False,False,False,False,True,True,False,50,40,10,20.0,9,['Business'],0.0
2023-01-14 10:54:16+00:00,29,,In a Relationship,,No,Master,12000.0,165,83.0,Overweight,Hazel,Brown,5,Long,No facial hair,Rarely,7,No,True,True,False,False,False,True,False,False,True,10,7,3,5.0,8,['Computer Science' 'Art & Humanities'],5.5
2023-01-14 12:52:24+00:00,45,,Married,,Yes,Master,60000.0,173,74.0,Average,Blue,Brown,1,Medium,No facial hair,Rarely,8,No,True,False,False,False,False,False,False,False,False,30,10,2,1.0,8,['Business'],20.0
2023-01-14 19:39:44+00:00,60,,Married,,Yes,PhD,50000.0,180,81.0,Muscular,Brown,Brown,4,Short,Short beard (few days),Regularly,7,No,False,False,True,False,False,False,False,False,False,10,4,3,8.0,8,['Art & Humanities'],14.0
2023-01-15 09:26:29+00:00,45,,Married,,Yes,College Degree,30000.0,172,69.0,Thin,Brown,Black,4,Short,Short beard (few days),Rarely,7,No,False,True,False,False,False,False,False,False,False,10,6,5,1.0,9,['Enginering & Architecture' 'Computer Science'],15.0
2023-01-15 21:40:19+00:00,33,,Single,,No,Master,33000.0,175,66.0,Average,Brown,Brown,1,Long,No facial hair,Occasioanlly,9,Yes,True,True,False,False,False,False,False,False,False,30,8,1,2.0,8,['Business' 'Art & Humanities'],
2023-01-16 08:12:47+00:00,29,,In a Relationship,,No,Technical Education (FP),20000.0,181,72.0,Thin,Green,Black,5,Short,Medium (weeks),Rarely,3,No,False,False,True,False,False,False,False,False,False,1,1,1,5.0,7,['Enginering & Architecture'],6.0
2023-01-16 08:15:54+00:00,39,,In a Relationship Cohabiting,,No,Master,50000.0,182,87.0,Average,Brown,Brown,4,Short,Long (months),Rarely,6,Yes,False,False,False,False,False,False,False,False,False,30,25,3,12.0,7,['Business'],4.5
2023-01-16 08:22:35+00:00,41,,In a Relationship Cohabiting,,No,PhD,35000.0,167,71.0,Overweight,Brown,Brown,4,Medium,No facial hair,Constantly,7,No,True,True,True,False,True,False,False,True,False,30,10,4,6.0,8,['Business'],18.0
2023-01-16 08:31:16+00:00,41,,Married,,No,College Degree,45000.0,158,70.0,Overweight,Brown,Brown,2,Medium,No facial hair,Constantly,6,No,True,True,True,False,False,True,True,False,False,20,15,3,10.0,8,['Law & Social Science'],20.0
2023-01-16 08:32:26+00:00,25,,In a Relationship,,No,Master,15000.0,173,90.0,Overweight,Brown,Black,5,Short,Short beard (few days),Constantly,6,Yes,False,False,False,False,False,False,False,False,False,15,11,3,10.0,4,['Science' 'Health'],1.9
2023-01-16 08:34:47+00:00,44,,Married,,Yes,Master,50000.0,179,78.0,Muscular,Brown,Brown,1,Short,Short beard (few days),Rarely,8,No,False,True,False,False,False,False,False,False,False,40,40,1,15.0,7,['Business'],21.0
2023-01-16 08:38:44+00:00,48,,Married,,Yes,High School,48000.0,172,80.0,Overweight,Brown,Black,5,Short,Short beard (few days),Regularly,5,Yes,False,False,False,False,False,False,False,False,False,3,2,1,1.0,7,['Computer Science'],17.0
2023-01-16 08:38:55+00:00,23,,In a Relationship,,No,College Degree,0.0,184,78.0,Average,Brown,Black,5,Short,Short beard (few days),Rarely,6,Yes,False,True,False,False,False,False,False,False,False,5,3,2,5.0,9,['Enginering & Architecture'],1.0
2023-01-16 08:42:47+00:00,42,,Married,,Yes,High School,36000.0,178,72.0,Average,Brown,Black,4,Short,Long (months),Constantly,7,Yes,False,True,False,False,False,False,False,False,False,15,10,2,2.0,8,['Computer Science'],15.0
2023-01-16 09:00:03+00:00,35,,Single,,No,Master,45000.0,175,88.0,Overweight,Brown,Brown,4,Short,Medium (weeks),Regularly,6,Yes,True,True,True,False,True,False,False,False,False,50,40,3,4.0,8,['Business'],
2023-01-16 09:28:08+00:00,32,,In a Relationship Cohabiting,,No,Technical Education (FP),76000.0,183,120.0,Obese,Brown,Brown,1,Short,Medium (weeks),Constantly,5,Yes,False,True,False,False,False,False,False,False,False,10,10,2,2.0,6,['Computer Science'],6.0
2023-01-16 09:34:31+00:00,40,,Married,,Yes,Master,30000.0,175,75.0,Average,Blue,Brown,1,Short,Medium (weeks),Rarely,6,No,False,False,False,False,True,False,False,False,False,5,1,1,10.0,5,['Science' 'Enginering & Architecture' 'Business'],23.0
2023-01-16 09:40:52+00:00,30,,In a Relationship Cohabiting,,No,Master,48000.0,166,65.0,Average,Brown,Brown,4,Medium,No facial hair,Rarely,5,No,False,False,True,False,False,False,False,False,False,50,20,3,8.0,8,['Computer Science'],1.7
2023-01-16 10:57:45+00:00,55,,In a Relationship,,Yes,Master,200000.0,181,85.0,Muscular,Brown,Brown,2,Bald,Short beard (few days),Regularly,8,Yes,True,True,True,False,False,False,False,False,False,1000,200,15,8.0,8,['Business'],1.5
2023-01-16 11:00:59+00:00,38,,In a Relationship Cohabiting,,No,College Degree,28000.0,173,95.0,Overweight,Brown,Brown,3,Short,No facial hair,Constantly,6,No,False,True,False,False,False,False,False,False,False,10,5,3,5.0,10,['Computer Science'],18.0
2023-01-16 11:45:49+00:00,28,,Single,,No,High School,0.0,184,83.0,Muscular,Brown,Brown,3,Short,No facial hair,Rarely,8,Yes,False,True,False,False,False,True,True,False,False,20,5,3,3.0,5,['Enginering & Architecture' 'Computer Science'],
2023-01-16 11:58:53+00:00,47,,Married,,Yes,PhD,70000.0,170,90.0,Overweight,Other,Black,6,Short,Short beard (few days),Constantly,4,No,False,True,False,True,False,False,False,False,False,8,2,3,2.0,7,['Enginering & Architecture'],25.0
2023-01-16 12:10:47+00:00,37,,In a Relationship,,No,PhD,60000.0,182,70.0,Thin,Brown,Black,3,Medium,Short beard (few days),Constantly,7,Yes,True,True,True,False,True,False,True,False,True,90,45,5,30.0,10,['Science'],0.7
2023-01-16 12:37:03+00:00,41,,In a Relationship,,No,College Degree,10000.0,184,70.0,Average,Brown,Black,4,Short,Medium (weeks),Rarely,7,Yes,True,True,True,False,True,False,False,False,True,150,100,5,4.0,6,['Computer Science' 'Art & Humanities'],0.8
2023-01-16 12:39:49+00:00,35,,In a Relationship Cohabiting,,No,Master,75000.0,170,61.0,Thin,Brown,Brown,5,Short,Short beard (few days),Occasioanlly,6,Yes,False,True,True,False,True,False,False,False,True,20,7,2,4.0,8,['Computer Science'],3.0
2023-01-16 13:09:42+00:00,35,,Married,,No,Master,200000.0,185,85.0,Muscular,Hazel,Blonde,4,Medium,Short beard (few days),Occasioanlly,8,Yes,True,True,True,False,True,True,True,False,False,100,40,5,8.0,7,['Business'],5.0
2023-01-16 14:01:55+00:00,32,,Married,,Yes,College Degree,200000.0,190,95.0,Muscular,Brown,Brown,4,Medium,Medium (weeks),Rarely,8,No,False,False,False,False,True,False,False,False,False,25,15,6,4.0,10,['Science'],
2023-01-16 22:42:29+00:00,48,,Married,,Yes,College Degree,72000.0,176,85.0,Overweight,Brown,Black,2,Short,Short beard (few days),Rarely,5,No,True,True,True,False,True,False,False,False,False,10,5,5,1.0,7,['Computer Science'],13.0
2023-01-17 05:46:28+00:00,37,,In a Relationship Cohabiting,,No,College Degree,100000.0,179,70.0,Average,Brown,Brown,1,Short,Medium (weeks),Regularly,5,No,True,True,True,False,True,False,False,False,False,20,10,4,1.0,7,['Art & Humanities' 'Other'],12.0
2023-01-17 16:26:09+00:00,40,,In a Relationship Cohabiting,,Yes,Master,35000.0,163,60.0,Average,Brown,Brown,1,Medium,No facial hair,Constantly,6,No,False,True,False,False,True,False,False,False,False,8,3,3,4.0,7,['Enginering & Architecture' 'Science'],17.0
2023-01-17 17:44:50+00:00,23,,In a Relationship Cohabiting,,No,Master,55000.0,170,60.0,Average,Green,Brown,1,Medium,Short beard (few days),Occasioanlly,6,No,False,True,False,False,False,False,False,False,False,10,4,4,1.0,7,['Health'],4.0
2023-01-18 11:18:20+00:00,27,,Single,,No,College Degree,25000.0,172,61.0,Average,Brown,Brown,4,Medium,No facial hair,Occasioanlly,7,No,False,True,False,False,False,False,False,False,False,100,11,5,4.0,7,['Science'],
2023-01-18 16:29:13+00:00,32,,In a Relationship Cohabiting,,No,Master,47000.0,171,72.0,Average,Hazel,Brown,3,Medium,Short beard (few days),Rarely,8,Yes,True,True,True,True,True,False,False,False,True,100,45,4,8.0,9,['Computer Science' 'Business'],0.9
2023-01-19 11:50:54+00:00,32,,In a Relationship Cohabiting,,No,College Degree,30000.0,180,90.0,Overweight,,Brown,3,Long,No facial hair,Rarely,7,No,True,False,True,False,False,True,False,False,False,20,4,2,12.0,7,['Enginering & Architecture' 'Art & Humanities'],3.0
2023-01-19 12:02:15+00:00,34,,Married,,Yes,Master,45000.0,182,85.0,Overweight,Brown,Black,4,Medium,No facial hair,Rarely,6,No,False,True,False,False,False,False,False,False,False,1,1,1,5.0,10,['Enginering & Architecture'],14.0
2023-01-19 13:05:27+00:00,47,,In a Relationship Cohabiting,,Yes,Master,85000.0,176,96.0,Overweight,Brown,Brown,5,Short,Short beard (few days),Occasioanlly,8,No,True,True,True,False,True,False,False,False,False,40,15,6,6.0,9,['Business'],3.0
2023-01-19 17:14:08+00:00,37,,In a Relationship Cohabiting,,No,College Degree,50000.0,185,78.0,Muscular,Brown,Brown,4,Short,Short beard (few days),Rarely,7,Yes,False,False,False,False,False,False,False,False,False,50,20,5,7.0,6,['Computer Science' 'Science' 'Art & Humanities'],4.0
2023-01-19 18:26:09+00:00,26,,Single,,No,College Degree,30000.0,165,54.0,Average,Grey,Blonde,2,Long,No facial hair,Regularly,7,Yes,True,True,True,False,False,False,False,False,False,30,8,2,15.0,8,['Business'],
2023-01-21 17:23:04+00:00,50,,In a Relationship,,No,Master,100000.0,170,70.0,Average,Brown,Brown,4,Short,Short beard (few days),Constantly,7,Yes,True,True,False,False,False,False,False,False,False,50,15,5,15.0,8,['Enginering & Architecture'],3.0
2023-01-21 17:29:46+00:00,35,,Married,,Yes,Master,110000.0,182,82.0,Average,Green,Brown,3,Long,Long (months),Rarely,8,No,True,True,False,False,True,True,False,False,False,50,30,6,3.0,7,['Enginering & Architecture'],10.0
2023-01-21 20:14:59+00:00,33,,In a Relationship,,No,PhD,15000.0,180,75.0,Muscular,,Black,3,Short,Short beard (few days),Constantly,6,Yes,False,True,False,False,False,False,False,False,False,8,3,3,4.0,7,['Business'],0.5
2023-02-09 12:50:26+00:00,52,,Married,,Yes,Master,70000.0,180,95.0,Overweight,Brown,Brown,2,Short,No facial hair,Constantly,2,No,False,False,False,True,True,False,False,False,False,4,1,1,1.0,4,['Law & Social Science'],31.0
2023-02-12 17:42:24+00:00,38,,Single,,No,Master,360000.0,168,56.0,Average,Brown,Brown,5,Long,No facial hair,Rarely,6,No,False,True,False,False,False,False,False,False,False,18,8,3,5.0,7,['Law & Social Science'],
2023-02-21 00:19:38+00:00,35,,Single,,No,Master,90000.0,170,70.0,Average,Blue,Brown,5,Short,Medium (weeks),Occasioanlly,8,Yes,True,True,True,False,True,False,True,False,False,60,50,3,2.0,9,['Enginering & Architecture'],
2023-04-22 17:05:05+00:00,28,,Single,,No,College Degree,30.0,170,60.0,Thin,Green,Brown,3,Short,Medium (weeks),Rarely,8,Yes,True,True,False,False,True,False,False,False,False,50,30,2,10.0,7,['Enginering & Architecture'],
2023-04-22 17:08:53+00:00,43,,In a Relationship Cohabiting,,No,College Degree,90000.0,188,80.0,Average,Brown,Brown,5,Short,Short beard (few days),Rarely,7,Yes,True,True,True,False,False,False,True,False,False,400,400,8,20.0,8,['Business' 'Computer Science'],8.0
2023-04-22 17:09:31+00:00,52,,Married,,Yes,PhD,150000.0,181,82.0,Average,Brown,Brown,3,Short,No facial hair,Constantly,7,No,False,True,False,False,True,True,False,False,False,5,3,2,2.0,8,['Science'],28.0
2023-04-22 17:09:40+00:00,45,,In a Relationship Cohabiting,,No,Master,44000.0,170,70.0,Average,Green,Brown,3,Short,No facial hair,Regularly,7,Yes,True,True,True,False,False,False,False,False,False,15,12,3,4.0,6,['Business' 'Enginering & Architecture'],9.0
2023-04-22 17:15:52+00:00,31,,Single,,No,College Degree,50000.0,171,82.0,Overweight,Brown,Black,5,Short,Short beard (few days),Constantly,5,Yes,False,True,False,False,True,False,False,False,True,25,14,2,1.0,7,['Enginering & Architecture'],
2023-04-22 17:21:53+00:00,30,Spain,Single,Heterosexual,No,Master,105000.0,175,80.0,Muscular,Brown,Black,6,Short,Medium (weeks),Rarely,8,Yes,False,False,False,False,False,False,False,False,False,80,50,2,10.0,8,['Computer Science'],
2023-04-22 17:22:18+00:00,26,,In a Relationship,,No,Master,10.0,193,78.0,Thin,Blue,Blonde,4,Short,No facial hair,Rarely,8,Yes,True,True,False,False,True,True,False,False,False,40,15,6,15.0,8,['Art & Humanities' 'Law & Social Science'],0.5
2023-04-22 17:24:44+00:00,31,,In a Relationship Cohabiting,,No,Master,40000.0,183,71.0,Average,Brown,Black,5,Short,Short beard (few days),Regularly,8,Yes,True,True,True,False,True,False,False,False,False,80,22,3,4.0,10,['Law & Social Science' 'Computer Science'],4.0
2023-04-22 17:27:44+00:00,36,Argentina,In a Relationship,Heterosexual,No,Master,250000.0,180,88.0,Average,Brown,Brown,3,Short,Medium (weeks),Occasioanlly,8,Yes,False,False,True,False,False,False,False,False,False,100,20,3,6.0,8,['Business'],3.0
2023-04-22 17:32:32+00:00,31,Spain,Single,Heterosexual,No,College Degree,300000.0,177,75.0,Average,Brown,Brown,5,Short,No facial hair,Regularly,7,Yes,True,False,False,False,True,False,False,False,False,30,17,2,4.0,9,['Computer Science'],0.5
2023-04-22 17:32:33+00:00,41,Spain,In a Relationship,Heterosexual,No,Technical Education (FP),35000.0,169,70.0,Average,Brown,Brown,3,Bald,Short beard (few days),Constantly,5,No,False,True,False,False,False,False,False,False,False,22,18,10,3.0,7,['Art & Humanities'],3.0
2023-04-22 17:33:29+00:00,24,Spain,In a Relationship,Heterosexual,No,Master,1200.0,167,55.0,Thin,Grey,Brown,1,Long,No facial hair,Occasioanlly,9,No,False,True,False,False,False,False,False,False,False,20,8,4,18.0,7,['Art & Humanities'],6.0
2023-04-22 17:41:19+00:00,43,United States,Single,Heterosexual,No,Master,100000.0,168,55.0,Thin,Blue,Red,3,Long,No facial hair,Rarely,8,Yes,True,True,False,False,True,False,False,False,True,100,30,6,6.0,8,['Business'],
2023-04-22 17:43:00+00:00,55,Spain,In a Relationship,Heterosexual,Yes,College Degree,200000.0,181,85.0,Muscular,Brown,Black,4,Bald,Short beard (few days),Regularly,8,Yes,True,True,False,False,True,False,False,False,False,250,100,9,5.0,7,['Business'],1.5
2023-04-22 17:47:00+00:00,23,Spain,In a Relationship,Heterosexual,No,College Degree,5520.0,161,65.0,Average,Hazel,Black,1,Medium,No facial hair,Regularly,7,No,True,False,False,False,True,False,False,False,False,11,2,1,2.0,8,['Business' 'Law & Social Science'],2.5
2023-04-22 17:54:49+00:00,44,Spain,In a Relationship Cohabiting,Homosexual,No,College Degree,90000.0,188,85.0,Average,Brown,Brown,4,Short,Short beard (few days),Rarely,7,Yes,True,True,True,False,True,False,True,False,False,450,400,8,20.0,7,['Business' 'Computer Science'],8.0
2023-04-22 18:00:10+00:00,28,Spain,Single,Bisexual,No,Master,29000.0,180,68.0,Muscular,Brown,Brown,2,Short,Short beard (few days),Constantly,7,Yes,True,True,False,False,False,False,False,False,False,12,10,1,1.0,5,['Computer Science'],
2023-04-22 18:12:14+00:00,48,Spain,Single,Homosexual,No,Master,40.0,177,77.0,Average,Brown,Black,6,Bald,Medium (weeks),Regularly,7,Yes,False,False,False,False,False,False,False,False,False,4,4,0,0.0,5,['Enginering & Architecture'],
2023-04-22 18:12:35+00:00,28,Spain,In a Relationship,Homosexual,No,Technical Education (FP),22000.0,170,54.0,Thin,Brown,Brown,5,Medium,No facial hair,Constantly,7,Yes,False,True,False,False,False,False,False,False,False,3,3,3,8.0,7,['Business' 'Computer Science'],5.0
2023-04-22 18:14:47+00:00,52,Spain,Single,Heterosexual,No,Master,30000.0,160,60.0,Average,Brown,Blonde,3,Medium,No facial hair,Occasioanlly,3,No,True,True,True,False,True,False,False,False,False,6,2,2,4.0,8,['Art & Humanities'],20.0
2023-04-22 18:20:53+00:00,56,Spain,Single,Homosexual,No,Master,50000.0,173,80.0,Average,Brown,Brown,5,Short,No facial hair,Constantly,7,Yes,False,False,False,False,False,False,False,False,False,50,50,2,2.0,6,['Law & Social Science'],0.0
2023-04-22 18:21:16+00:00,35,Spain,In a Relationship,Homosexual,No,Master,35000.0,174,67.0,Muscular,Brown,Brown,2,Short,Medium (weeks),Regularly,8,Yes,False,False,False,False,False,False,False,False,False,150,20,3,2.0,7,['Business'],1.0
2023-04-22 18:24:19+00:00,40,Portugal,In a Relationship,Heterosexual,Yes,Master,40.0,190,80.0,Average,Brown,Black,8,Short,Short beard (few days),Rarely,7,No,True,True,True,False,True,False,True,False,False,30,20,2,5.0,7,['Art & Humanities'],15.0
2023-04-22 18:26:14+00:00,33,Spain,In a Relationship Cohabiting,Homosexual,No,PhD,70000.0,177,,Average,Brown,Brown,3,Short,Short beard (few days),Regularly,6,Yes,True,True,True,False,True,False,False,False,False,100,25,5,8.0,8,['Health'],5.0
2023-04-22 18:27:53+00:00,25,Spain,In a Relationship,Bisexual,No,College Degree,25000.0,165,70.0,Average,Brown,White,2,Medium,No facial hair,Occasioanlly,9,Yes,True,True,False,False,True,False,False,False,False,25,10,1,12.0,9,['Art & Humanities'],2.0
2023-04-22 18:29:49+00:00,29,Spain,In a Relationship,Heterosexual,No,Master,145000.0,178,72.0,Average,Brown,Black,2,Short,Short beard (few days),Rarely,6,Yes,False,True,True,False,True,False,False,False,False,15,6,3,1.0,7,['Enginering & Architecture'],2.0
2023-04-22 18:32:09+00:00,35,Spain,In a Relationship Cohabiting,Heterosexual,No,College Degree,80000.0,184,76.0,Average,Brown,Brown,4,Short,Short beard (few days),Regularly,8,Yes,False,True,True,False,True,False,False,False,False,100,12,3,3.0,9,['Enginering & Architecture' 'Computer Science'],2.0
2023-04-22 18:43:15+00:00,41,Spain,Married,Heterosexual,Yes,Master,160000.0,171,85.0,Overweight,Green,Blonde,1,Short,Short beard (few days),Constantly,1,Yes,False,False,False,False,False,False,False,False,False,5,5,5,,3,['Enginering & Architecture'],8.0
2023-04-22 18:44:00+00:00,43,Spain,Single,Homosexual,No,Master,40000.0,176,82.0,Average,Brown,Black,3,Short,Short beard (few days),Regularly,8,Yes,True,True,True,False,True,True,True,False,False,2500,2000,0,3.0,7,['Art & Humanities' 'Computer Science'],0.0
2023-04-22 18:44:09+00:00,30,Spain,In a Relationship,Heterosexual,No,College Degree,25000.0,176,78.0,Average,Brown,Black,5,Short,Medium (weeks),Constantly,8,No,False,True,False,False,True,False,False,False,False,10,3,3,3.0,6,['Computer Science' 'Enginering & Architecture'],6.0
2023-04-22 18:47:43+00:00,35,Spain,Single,Homosexual,No,Master,45000.0,178,98.0,Overweight,Brown,Brown,4,Short,Short beard (few days),Constantly,4,Yes,False,False,False,False,False,False,False,False,False,50,50,2,2.0,8,['Business'],
2023-04-22 18:48:33+00:00,24,Spain,Single,Heterosexual,No,Master,35000.0,191,95.0,Overweight,Brown,Black,3,Medium,Short beard (few days),Regularly,9,Yes,True,True,False,False,True,True,False,False,False,30,25,1,4.0,9,['Computer Science' 'Enginering & Architecture' 'Business'],0.0
2023-04-22 18:50:01+00:00,36,Italy,In a Relationship Cohabiting,Heterosexual,Yes,Master,160000.0,172,77.0,Average,Green,Brown,3,Short,Medium (weeks),Rarely,7,Yes,True,True,True,False,True,False,False,False,False,60,30,4,5.0,8,['Business'],8.0
2023-04-22 18:51:01+00:00,58,France,Married,Heterosexual,Yes,PhD,20000.0,175,75.0,Average,Blue,Brown,1,Short,No facial hair,Constantly,5,No,False,True,True,False,False,False,False,False,False,8,7,4,4.0,8,['Computer Science'],20.0
2023-04-22 18:51:56+00:00,30,Spain,In a Relationship,Homosexual,No,PhD,40000.0,172,65.0,Average,Green,Brown,5,Medium,No facial hair,Regularly,8,Yes,True,True,True,False,True,False,False,False,False,40,24,4,6.0,7,['Law & Social Science' 'Science'],3.0
2023-04-22 18:52:27+00:00,24,Spain,Single,Bisexual,No,Master,,180,66.0,Average,Brown,Brown,2,Short,Short beard (few days),Regularly,7,Yes,False,True,False,False,False,False,False,False,False,23,20,1,3.0,8,['Art & Humanities'],
2023-04-22 18:52:53+00:00,50,Spain,Divorced,Heterosexual,No,College Degree,15000.0,178,72.0,Average,Brown,Brown,3,Short,No facial hair,Constantly,2,No,False,True,True,False,True,True,False,False,False,25,16,6,5.0,6,['Business'],0.9
2023-04-22 18:53:22+00:00,24,Spain,Single,Homosexual,No,College Degree,0.0,183,71.0,Thin,Brown,Brown,3,Short,Short beard (few days),Regularly,7,Yes,True,True,False,False,False,False,False,False,True,10,6,0,0.0,9,['Computer Science' 'Science'],
2023-04-22 18:54:41+00:00,51,Spain,Single,Heterosexual,No,College Degree,50000.0,178,115.0,Overweight,Brown,Black,1,Short,No facial hair,Rarely,6,No,False,True,False,False,False,False,False,False,False,9,7,3,0.0,7,['Computer Science'],
2023-04-22 18:55:41+00:00,38,Spain,In a Relationship,Heterosexual,No,PhD,0.0,168,68.0,Average,Brown,Brown,2,Medium,No facial hair,Rarely,5,No,False,True,False,False,False,False,False,False,False,1,1,1,3.0,6,['Science'],5.0
2023-04-22 18:57:42+00:00,37,Spain,Single,Heterosexual,No,PhD,45000.0,180,57.0,Thin,Blue,Other,4,Long,No facial hair,Rarely,8,Yes,True,True,True,False,True,False,False,False,False,20,12,2,16.0,7,['Science' 'Computer Science' 'Other'],
2023-04-22 18:58:58+00:00,24,Spain,Single,Heterosexual,No,College Degree,27000.0,193,105.0,Average,Brown,Black,5,Short,No facial hair,Regularly,10,No,False,False,False,False,False,False,False,False,True,0,0,0,0.0,10,['Computer Science' 'Enginering & Architecture' 'Science'],0.0
2023-04-22 18:59:09+00:00,33,Spain,In a Relationship,Heterosexual,No,Primary Education,130000.0,168,68.0,Overweight,Brown,Black,7,Short,No facial hair,Constantly,7,No,True,True,True,False,False,False,False,False,False,40,30,10,2.0,7,['Business' 'Art & Humanities'],4.0
2023-04-22 18:59:11+00:00,26,Spain,Single,Heterosexual,No,Technical Education (FP),15000.0,167,66.0,Thin,Green,Black,3,Short,Short beard (few days),Rarely,6,Yes,False,True,True,False,False,True,False,False,False,8,5,2,4.0,6,['Business'],
2023-04-22 18:59:16+00:00,25,Spain,In a Relationship,Homosexual,No,College Degree,40000.0,185,74.0,Thin,Brown,Black,3,Short,Medium (weeks),Constantly,7,Yes,True,True,False,False,False,False,False,False,False,30,22,2,10.0,8,['Science' 'Computer Science'],0.5
2023-04-22 19:00:37+00:00,31,United States,Married,Bisexual,No,Master,99000.0,170,74.0,Average,Blue,Brown,5,Medium,No facial hair,Occasioanlly,5,Yes,True,True,True,False,True,False,False,False,False,100,45,11,30.0,5,['Law & Social Science'],8.0
2023-04-22 19:00:44+00:00,30,Spain,In a Relationship Cohabiting,Heterosexual,No,Master,40000.0,191,83.0,Average,Brown,Black,4,Bald,Short beard (few days),Constantly,5,No,False,True,False,False,False,False,False,False,False,7,4,3,2.0,8,['Computer Science'],2.0
2023-04-22 19:02:09+00:00,27,Chile,In a Relationship,Heterosexual,No,Master,77000.0,177,73.0,Average,Brown,Blonde,2,Short,Short beard (few days),Occasioanlly,7,Yes,True,False,False,False,True,False,False,False,False,40,12,3,10.0,6,['Computer Science'],3.0
2023-04-22 19:02:51+00:00,34,Spain,Married,Heterosexual,Yes,Master,90000.0,163,57.0,Average,Hazel,Black,3,Long,No facial hair,Rarely,7,No,False,True,True,False,True,False,False,False,False,8,5,3,5.0,8,['Business'],9.0
2023-04-22 19:05:05+00:00,62,Spain,Married,Heterosexual,Yes,PhD,60000.0,179,127.0,Obese,Brown,Grey,4,Bald,Medium (weeks),Constantly,7,Yes,True,True,True,True,True,False,True,False,True,104,67,5,8.0,7,['Science' 'Enginering & Architecture'],32.0
2023-04-22 19:07:34+00:00,31,Spain,In a Relationship,Heterosexual,No,Master,60000.0,174,74.0,Average,Green,Black,1,Short,Medium (weeks),Occasioanlly,7,No,True,True,False,False,True,False,True,False,False,25,18,3,12.0,10,"['Computer Science' 'Enginering & Architecture' 'Business'
 'Art & Humanities']",8.0
2023-04-22 19:07:53+00:00,33,Spain,In a Relationship Cohabiting,Heterosexual,No,College Degree,20000.0,164,54.0,Average,Blue,Brown,4,Long,No facial hair,Occasioanlly,7,Yes,True,True,True,False,False,False,True,False,True,50,25,3,20.0,7,['Law & Social Science'],3.0
2023-04-22 19:08:06+00:00,46,Spain,In a Relationship Cohabiting,Heterosexual,No,Master,180000.0,176,82.0,Overweight,Brown,Brown,5,Short,Medium (weeks),Rarely,8,Yes,True,True,True,False,False,True,True,False,False,25,20,3,6.0,6,['Business' 'Computer Science'],2.0
2023-04-22 19:09:04+00:00,39,Spain,In a Relationship Cohabiting,Heterosexual,Yes,Master,75000.0,167,51.0,Thin,Hazel,Blonde,3,Medium,No facial hair,Occasioanlly,9,Yes,True,True,True,False,True,False,False,False,True,25,22,8,2.0,8,['Enginering & Architecture'],5.0
2023-04-22 19:12:04+00:00,47,Spain,In a Relationship,Heterosexual,No,Master,30000.0,170,80.0,Muscular,Green,Blonde,1,Bald,Short beard (few days),Rarely,7,Yes,True,True,True,False,False,False,False,False,True,200,70,8,8.0,5,['Health'],1.0
2023-04-22 19:15:23+00:00,26,Spain,In a Relationship,Bisexual,No,Master,18000.0,174,75.0,Average,Brown,Brown,3,Medium,Short beard (few days),Occasioanlly,7,No,False,True,False,False,True,False,False,False,False,31,10,2,7.0,9,['Law & Social Science'],0.75
2023-04-22 19:16:46+00:00,23,Spain,In a Relationship,Heterosexual,No,College Degree,12000.0,165,48.0,Thin,Hazel,Blonde,3,Long,No facial hair,Rarely,8,Yes,False,True,False,False,True,False,False,False,False,20,6,2,12.0,9,['Business'],1.0
2023-04-22 19:17:30+00:00,35,Spain,In a Relationship Cohabiting,Heterosexual,No,Master,95000.0,178,120.0,Overweight,Brown,Brown,3,Medium,No facial hair,Rarely,5,Yes,True,False,False,False,False,False,False,False,True,25,17,2,3.0,9,['Computer Science' 'Enginering & Architecture'],3.0
2023-04-22 19:19:01+00:00,46,Argentina,Divorced,Heterosexual,No,College Degree,40000.0,156,48.0,Thin,Brown,Brown,3,Long,No facial hair,Rarely,8,No,False,False,True,False,True,False,False,False,False,23,10,4,20.0,10,['Art & Humanities'],35.0
2023-04-22 19:20:01+00:00,50,Spain,Married,Homosexual,No,Technical Education (FP),56000.0,170,73.0,Average,Green,Black,3,Short,No facial hair,Constantly,6,Yes,False,True,False,False,False,True,False,False,False,200,20,4,5.0,8,['Computer Science'],27.0
2023-04-22 19:21:00+00:00,22,Spain,In a Relationship,Bisexual,No,College Degree,0.0,156,70.0,Average,Brown,Brown,3,Long,No facial hair,Rarely,7,Yes,False,True,False,False,True,True,False,False,False,10,5,9,1.0,7,['Enginering & Architecture'],2.0
2023-04-22 19:21:33+00:00,21,Spain,In a Relationship,Heterosexual,No,Technical Education (FP),18000.0,175,75.0,Average,Brown,Black,4,Short,Short beard (few days),Rarely,6,Yes,False,True,False,False,False,True,False,False,False,5,3,2,6.0,9,['Enginering & Architecture'],0.5
2023-04-22 19:24:57+00:00,32,Spain,In a Relationship,Heterosexual,No,Master,70000.0,183,94.0,Overweight,Brown,Black,2,Short,No facial hair,Constantly,5,Yes,False,False,False,False,False,False,False,False,False,1,1,1,10.0,6,['Computer Science' 'Enginering & Architecture' 'Business'],1.5
2023-04-22 19:25:10+00:00,32,Spain,Married,Heterosexual,Yes,Master,135000.0,173,77.0,Muscular,Brown,Brown,6,Short,Short beard (few days),Rarely,7,No,False,False,False,False,False,True,False,False,False,20,1,3,,9,['Enginering & Architecture'],16.0
2023-04-22 19:26:26+00:00,26,Spain,Single,Heterosexual,No,Master,50000.0,170,100.0,Overweight,Brown,Black,4,Short,Short beard (few days),Constantly,5,Yes,False,False,False,False,False,False,False,False,True,1,0,0,0.0,6,['Computer Science'],0.0
2023-04-22 19:28:24+00:00,30,Andorra,Single,Heterosexual,No,Master,50000.0,190,80.0,Average,Green,Brown,5,Medium,Short beard (few days),Rarely,7,Yes,False,True,False,False,True,False,True,False,False,40,30,2,5.0,8,['Enginering & Architecture' 'Business'],
2023-04-22 19:29:37+00:00,30,Spain,In a Relationship,Heterosexual,No,College Degree,55000.0,173,90.0,Overweight,Brown,Brown,1,Long,No facial hair,Occasioanlly,2,Yes,False,True,False,False,False,False,False,False,False,5,3,3,3.0,5,['Enginering & Architecture'],2.0
2023-04-22 19:30:08+00:00,52,Spain,Divorced,Heterosexual,Yes,College Degree,80000.0,171,80.0,Overweight,Blue,Brown,2,Long,No facial hair,Occasioanlly,6,No,False,True,True,False,True,False,False,False,False,20,12,3,4.0,8,['Law & Social Science'],
2023-04-22 19:31:06+00:00,44,Spain,Married,Heterosexual,Yes,Master,55000.0,171,75.0,Overweight,Brown,Brown,3,Short,Short beard (few days),Rarely,6,No,False,False,False,False,False,False,False,False,False,12,5,5,4.0,9,['Business'],18.0
2023-04-22 19:34:06+00:00,31,Spain,Single,Heterosexual,No,Master,43000.0,185,76.0,Muscular,Brown,Black,5,Short,Short beard (few days),Constantly,8,Yes,False,False,True,False,False,False,False,False,False,12,6,2,7.0,8,['Science'],
2023-04-22 19:44:44+00:00,29,Spain,In a Relationship,Bisexual,No,PhD,19000.0,181,76.0,Average,Brown,Brown,5,Short,Short beard (few days),Rarely,7,Yes,False,True,True,False,True,False,False,False,False,40,25,2,8.0,6,['Law & Social Science'],0.75
2023-04-22 19:44:52+00:00,35,Spain,Married,Heterosexual,Yes,College Degree,55000.0,177,68.0,Thin,Brown,Brown,4,Medium,Medium (weeks),Constantly,6,Yes,False,True,False,False,False,False,False,False,False,0,5,5,1.0,9,['Enginering & Architecture' 'Computer Science'],7.0
2023-04-22 19:45:21+00:00,36,Spain,In a Relationship Cohabiting,Heterosexual,No,Master,55000.0,170,68.0,Muscular,Green,Brown,2,Short,Short beard (few days),Rarely,8,Yes,True,True,False,False,False,False,False,False,False,20,10,4,20.0,8,['Computer Science' 'Enginering & Architecture'],2.0
2023-04-22 19:45:45+00:00,45,Spain,Married,Heterosexual,Yes,Master,70000.0,185,105.0,Overweight,Brown,Brown,2,Medium,Short beard (few days),Occasioanlly,5,No,False,True,True,False,False,False,False,False,False,8,2,3,16.0,7,['Business'],20.0
2023-04-22 19:49:23+00:00,49,Spain,Married,Heterosexual,Yes,College Degree,150000.0,187,82.0,Average,Brown,Black,2,Short,Medium (weeks),Rarely,7,No,True,True,False,False,True,False,False,False,True,5,5,5,8.0,8,['Computer Science'],20.0
2023-04-22 19:49:34+00:00,22,Spain,In a Relationship,Heterosexual,No,Master,0.0,172,62.0,Muscular,Green,Brown,4,Short,Short beard (few days),Rarely,8,Yes,True,True,False,False,True,False,True,False,False,40,27,2,8.0,8,['Business'],
2023-04-22 19:58:35+00:00,40,Spain,Married,Bisexual,Yes,Master,80000.0,160,50.0,Thin,Brown,Brown,5,Medium,No facial hair,Occasioanlly,6,No,False,False,False,False,False,True,False,False,False,15,1,3,,8,['Health'],23.0
2023-04-22 20:01:52+00:00,29,Spain,Single,Heterosexual,No,College Degree,300000.0,170,56.0,Average,Brown,Brown,6,Medium,No facial hair,Constantly,8,No,True,True,False,False,False,False,False,False,False,40,15,2,10.0,5,['Business'],
2023-04-22 20:03:15+00:00,26,Spain,In a Relationship,Homosexual,No,College Degree,50000.0,166,62.0,Muscular,Green,Brown,2,Short,Medium (weeks),Rarely,7,Yes,True,False,False,False,False,False,False,False,False,30,25,3,4.0,8,['Enginering & Architecture'],0.9
2023-04-22 20:04:45+00:00,41,Spain,Single,Homosexual,No,Master,45000.0,187,87.0,Average,Brown,Brown,3,Medium,Short beard (few days),Constantly,3,Yes,True,False,False,False,False,False,False,False,False,80,40,0,1.0,3,['Enginering & Architecture'],
2023-04-22 20:06:49+00:00,24,Spain,Single,Heterosexual,No,College Degree,0.0,182,75.0,Average,Brown,Black,6,Short,Short beard (few days),Rarely,6,No,True,True,False,False,True,False,False,False,False,15,6,0,20.0,8,['Law & Social Science'],
2023-04-22 20:09:37+00:00,50,Spain,Married,Heterosexual,Yes,Master,70000.0,170,85.0,Overweight,Brown,Black,2,Short,Short beard (few days),Regularly,5,No,True,True,False,False,True,False,False,False,False,30,6,6,3.0,8,['Computer Science'],23.0
2023-04-22 20:16:22+00:00,28,Spain,In a Relationship,Heterosexual,No,Master,24000.0,180,92.0,Average,Brown,Brown,4,Short,Medium (weeks),Constantly,8,Yes,True,True,True,True,True,True,False,False,False,50,10,5,10.0,9,['Business'],5.0
2023-04-22 20:18:38+00:00,44,Spain,Single,Heterosexual,No,Master,45000.0,160,60.0,Overweight,Hazel,Blonde,3,Medium,No facial hair,Rarely,5,Yes,False,True,False,False,True,False,False,False,False,25,10,6,2.0,7,['Other'],6.0
2023-04-22 20:21:52+00:00,21,Spain,Single,Heterosexual,No,College Degree,0.0,173,72.0,Muscular,Brown,Brown,5,Short,No facial hair,Rarely,8,No,True,True,True,False,True,False,False,False,False,10,3,2,1.0,8,['Science' 'Computer Science' 'Enginering & Architecture'],
2023-04-22 20:24:18+00:00,37,Spain,Married,Heterosexual,Yes,College Degree,77000.0,179,68.0,Thin,Green,Brown,3,Medium,No facial hair,Rarely,7,No,False,False,False,False,True,False,False,False,True,8,5,2,8.0,7,['Science'],16.0
2023-04-22 20:27:39+00:00,37,Spain,Married,Heterosexual,Yes,PhD,48000.0,184,73.0,Average,Brown,Brown,3,Short,Short beard (few days),Rarely,7,No,False,True,False,False,True,False,False,False,True,5,2,3,1.0,8,['Computer Science' 'Science'],15.0
2023-04-22 20:30:49+00:00,37,Spain,Single,Heterosexual,No,College Degree,47000.0,168,63.0,Thin,Brown,Blonde,3,Short,Medium (weeks),Rarely,7,Yes,True,True,True,False,False,False,True,False,False,41,37,4,11.0,7,['Computer Science' 'Enginering & Architecture'],
2023-04-22 20:32:25+00:00,21,Spain,In a Relationship,Heterosexual,No,College Degree,0.0,163,54.0,Thin,Green,Brown,2,Medium,No facial hair,Rarely,9,Yes,False,True,False,False,True,True,False,False,True,32,21,4,5.0,10,['Law & Social Science' 'Business'],0.7
2023-04-22 20:32:59+00:00,28,Spain,In a Relationship Cohabiting,Homosexual,No,Master,40000.0,180,72.0,Average,Hazel,Brown,5,Short,No facial hair,Regularly,7,Yes,True,False,True,False,True,False,False,False,False,75,50,1,12.0,8,['Science'],5.0
2023-04-22 20:35:50+00:00,42,Ecuador,Single,Heterosexual,No,Master,14000.0,171,72.0,Average,Brown,Black,3,Bald,Medium (weeks),Constantly,7,No,True,True,False,False,False,False,False,False,False,25,20,6,2.0,7,['Other'],0.0
2023-04-22 20:40:37+00:00,29,Spain,Single,Heterosexual,No,Master,50000.0,185,77.0,Average,Brown,Black,2,Short,No facial hair,Rarely,3,Yes,False,False,False,False,False,False,False,False,True,0,0,0,0.0,5,['Art & Humanities'],0.0
2023-04-22 20:41:31+00:00,29,Spain,In a Relationship Cohabiting,Heterosexual,No,Master,30000.0,160,50.0,Thin,Brown,Brown,2,Medium,No facial hair,Rarely,6,No,True,True,True,False,True,False,True,False,False,35,25,3,4.0,6,['Science' 'Art & Humanities'],4.0
2023-04-22 20:48:45+00:00,36,Spain,In a Relationship,Heterosexual,No,Technical Education (FP),47000.0,170,65.0,Muscular,Blue,Blonde,1,Short,Short beard (few days),Occasioanlly,8,Yes,True,False,False,False,False,True,False,False,False,14,9,2,8.0,7,['Enginering & Architecture'],1.2
2023-04-22 20:55:54+00:00,53,Spain,Married,Heterosexual,No,PhD,50000.0,184,95.0,Overweight,Hazel,Black,5,Short,Short beard (few days),Constantly,7,No,True,True,True,True,True,False,False,False,False,20,12,3,4.0,8,['Enginering & Architecture'],18.0
2023-04-22 21:16:31+00:00,27,Spain,Single,Heterosexual,No,Master,38000.0,185,145.0,Obese,Brown,Black,2,Short,Short beard (few days),Constantly,4,No,False,False,False,False,False,False,False,False,False,1,1,1,0.0,4,['Enginering & Architecture'],1.8
2023-04-22 21:19:23+00:00,29,Spain,In a Relationship,Heterosexual,No,Master,110000.0,192,94.0,Muscular,Brown,Brown,4,Medium,Short beard (few days),Regularly,8,Yes,True,True,False,False,True,False,False,False,False,80,40,6,8.0,8,['Business' 'Enginering & Architecture'],2.0
2023-04-22 21:19:46+00:00,24,Spain,Single,Bisexual,No,College Degree,5400.0,176,75.0,Average,Green,Brown,3,Short,Short beard (few days),Rarely,6,Yes,True,True,False,False,True,False,False,False,False,39,7,2,0.0,7,['Art & Humanities' 'Law & Social Science'],
2023-04-22 21:33:18+00:00,37,Spain,In a Relationship Cohabiting,Heterosexual,No,Master,150000.0,181,84.0,Muscular,Brown,Black,4,Short,Medium (weeks),Rarely,7,Yes,True,True,False,False,False,False,True,False,False,14,10,3,6.0,8,['Enginering & Architecture'],3.0
2023-04-22 21:55:21+00:00,29,Spain,In a Relationship,Homosexual,No,Master,40000.0,170,82.0,Average,Hazel,Brown,5,Long,No facial hair,Rarely,8,Yes,False,True,False,False,True,False,False,False,False,15,10,3,20.0,9,['Business' 'Enginering & Architecture'],2.0
2023-04-22 21:56:52+00:00,31,Spain,Single,Heterosexual,No,College Degree,28000.0,161,62.0,Average,Brown,Brown,2,Medium,No facial hair,Rarely,6,No,False,True,True,False,False,False,False,False,True,4,1,1,10.0,7,['Law & Social Science'],2.0
2023-04-22 21:57:34+00:00,24,Spain,Single,Heterosexual,No,Master,0.0,178,73.0,Muscular,Green,Brown,6,Medium,No facial hair,Rarely,8,No,False,True,False,False,True,False,False,False,False,27,5,3,0.0,8,['Computer Science' 'Enginering & Architecture'],
2023-04-22 21:58:07+00:00,25,Spain,Single,Heterosexual,No,College Degree,43000.0,165,64.0,Average,Brown,Brown,2,Short,Short beard (few days),Rarely,6,Yes,True,True,False,False,False,True,False,False,True,40,26,3,5.0,3,['Computer Science'],0.0
2023-04-22 22:00:19+00:00,32,Spain,Married,Heterosexual,No,Master,40000.0,176,70.0,Average,Grey,Brown,1,Short,Short beard (few days),Rarely,7,No,False,False,False,False,True,False,False,False,False,1,1,1,2.0,9,['Computer Science' 'Business'],12.0
2023-04-22 22:04:20+00:00,23,Spain,Single,Homosexual,No,Master,30000.0,170,63.0,Average,Green,Brown,4,Short,Short beard (few days),Rarely,5,Yes,False,False,False,False,True,False,False,False,False,7,5,0,2.0,8,['Enginering & Architecture'],
2023-04-22 22:10:01+00:00,45,Spain,Married,Heterosexual,Yes,College Degree,15000.0,175,75.0,Average,Brown,Brown,2,Short,Short beard (few days),Constantly,6,No,False,False,False,False,False,False,False,False,True,12,2,2,15.0,7,['Art & Humanities'],20.0
2023-04-22 22:13:40+00:00,44,Spain,Married,Homosexual,No,College Degree,40000.0,176,74.0,Average,Brown,Brown,1,Bald,Long (months),Regularly,7,Yes,True,True,False,False,False,False,False,False,True,1000,500,1,30.0,8,['Computer Science'],10.0
2023-04-22 22:15:51+00:00,45,Spain,Single,Heterosexual,Yes,PhD,45000.0,168,57.0,Thin,Brown,Brown,3,Medium,No facial hair,Rarely,6,No,False,True,False,False,True,False,False,False,False,6,3,2,0.0,4,['Law & Social Science'],12.0
2023-04-22 22:16:16+00:00,25,Spain,In a Relationship,Heterosexual,No,Technical Education (FP),21000.0,170,65.0,Muscular,Brown,Brown,6,Short,Medium (weeks),Regularly,8,No,True,True,False,False,False,False,False,False,False,50,3,1,10.0,8,['Computer Science' 'Art & Humanities'],6.0
2023-04-22 22:28:08+00:00,36,Spain,Married,Heterosexual,Yes,Master,60000.0,170,85.0,Overweight,Blue,Blonde,2,Long,Long (months),Occasioanlly,8,No,False,False,False,False,False,True,False,False,False,10,3,4,2.0,9,['Computer Science'],20.0
2023-04-22 22:37:14+00:00,32,Spain,In a Relationship,Heterosexual,No,Master,60000.0,163,63.0,Average,Green,Brown,6,Long,No facial hair,Occasioanlly,9,Yes,True,True,True,True,True,True,True,True,False,50,23,5,20.0,9,['Business' 'Enginering & Architecture'],0.5
2023-04-22 22:43:01+00:00,30,Spain,In a Relationship,Heterosexual,No,College Degree,52500.0,178,82.0,Muscular,Brown,Black,2,Bald,Medium (weeks),Rarely,7,Yes,False,True,False,False,True,True,False,False,False,10,4,3,7.0,8,['Computer Science' 'Business'],1.5
2023-04-22 22:43:37+00:00,30,Spain,In a Relationship Cohabiting,Heterosexual,No,Technical Education (FP),42000.0,182,76.0,Average,Brown,Brown,5,Short,Short beard (few days),Rarely,6,No,False,True,True,False,False,False,False,False,False,10,6,1,5.0,8,['Computer Science'],6.0
2023-04-22 22:51:53+00:00,34,Spain,Single,Heterosexual,No,College Degree,150000.0,192,80.0,Thin,Brown,Brown,5,Short,Short beard (few days),Rarely,9,Yes,True,False,False,False,False,False,False,False,False,200,55,4,4.0,9,['Enginering & Architecture'],
2023-04-22 23:16:46+00:00,33,Spain,In a Relationship Cohabiting,Homosexual,No,PhD,40000.0,172,79.0,Overweight,Green,Brown,4,Short,No facial hair,Rarely,7,Yes,False,False,False,False,False,False,False,False,False,80,77,1,1.0,6,['Computer Science'],4.5
2023-04-22 23:19:30+00:00,23,Spain,Single,Homosexual,No,Master,10000.0,169,55.0,Thin,Brown,Brown,5,Short,Medium (weeks),Rarely,6,Yes,False,False,False,False,False,True,False,False,False,4,3,2,0.0,8,['Enginering & Architecture'],
2023-04-22 23:26:11+00:00,47,Spain,Married,Heterosexual,Yes,College Degree,80000.0,171,82.0,Overweight,,Black,3,Bald,Short beard (few days),Constantly,3,No,False,False,False,False,True,False,False,False,False,4,2,2,4.0,8,['Law & Social Science'],25.0
2023-04-22 23:35:43+00:00,31,Spain,In a Relationship,Heterosexual,No,College Degree,54000.0,185,85.0,Average,Brown,Black,4,Short,Medium (weeks),Rarely,3,Yes,False,True,True,False,False,False,False,False,False,5,4,2,20.0,7,['Computer Science' 'Other'],2.0
2023-04-23 00:01:30+00:00,33,Spain,Single,Heterosexual,No,High School,20000.0,172,78.0,Average,Brown,Black,5,Long,Medium (weeks),Rarely,6,Yes,True,True,False,True,True,False,False,False,False,100,25,0,0.0,2,['Law & Social Science'],
2023-04-23 00:36:57+00:00,28,Spain,In a Relationship,Homosexual,No,College Degree,46500.0,173,73.0,Overweight,Brown,Brown,5,Short,No facial hair,Occasioanlly,7,Yes,True,False,False,False,False,False,False,False,False,30,15,1,2.0,8,['Computer Science' 'Enginering & Architecture'],3.0
2023-04-23 00:43:45+00:00,27,Spain,Single,Homosexual,No,College Degree,30000.0,171,55.0,Thin,Green,Brown,4,Short,Medium (weeks),Rarely,8,Yes,True,True,False,False,True,False,False,False,False,150,130,1,4.0,7,['Enginering & Architecture'],
2023-04-23 03:15:09+00:00,30,Spain,In a Relationship,Heterosexual,No,College Degree,125000.0,178,85.0,Overweight,Brown,Black,1,Short,No facial hair,Constantly,7,No,False,False,True,False,False,False,False,False,False,10,4,4,8.0,10,['Computer Science'],1.0
2023-04-23 03:32:40+00:00,28,Spain,In a Relationship Cohabiting,Bisexual,No,Master,300.0,165,70.0,Average,Brown,Brown,3,Long,No facial hair,Regularly,7,Yes,True,True,True,True,True,True,False,False,False,500,15,5,2.0,7,['Art & Humanities'],5.0
2023-04-23 04:12:07+00:00,37,Spain,In a Relationship Cohabiting,Heterosexual,No,College Degree,60000.0,180,90.0,Muscular,Brown,Black,1,Bald,Medium (weeks),Rarely,6,Yes,True,True,False,False,True,False,False,False,False,6,3,1,1.0,8,['Computer Science'],10.0
2023-04-23 05:35:30+00:00,39,Spain,Married,Heterosexual,No,Master,220000.0,176,79.0,Average,Brown,Black,5,Short,Short beard (few days),Constantly,7,Yes,True,True,True,False,True,False,False,False,False,100,30,5,6.0,5,['Computer Science'],10.0
2023-04-23 05:54:38+00:00,44,Spain,Married,Heterosexual,Yes,College Degree,18000.0,168,72.0,Overweight,Hazel,Blonde,3,Medium,No facial hair,Constantly,5,No,False,True,False,False,False,False,False,False,False,30,4,3,10.0,8,['Enginering & Architecture'],10.0
2023-04-23 05:54:44+00:00,46,Spain,In a Relationship Cohabiting,Homosexual,No,Master,63000.0,175,68.0,Average,Blue,Brown,5,Short,Short beard (few days),Constantly,8,Yes,True,True,False,False,False,False,False,False,False,10,6,3,3.0,7,['Computer Science'],17.0
2023-04-23 05:56:53+00:00,39,Spain,In a Relationship Cohabiting,Heterosexual,Yes,Master,100000.0,180,65.0,Thin,Brown,Grey,5,Short,Short beard (few days),Constantly,6,No,True,True,True,False,False,True,False,False,False,20,20,9,4.0,7,['Computer Science'],8.0
2023-04-23 06:20:09+00:00,39,Spain,In a Relationship Cohabiting,Homosexual,No,Master,34000.0,175,95.0,Overweight,Hazel,Brown,5,Short,Short beard (few days),Regularly,5,Yes,True,True,False,False,False,False,False,False,False,70,50,2,12.0,8,['Art & Humanities'],2.0
2023-04-23 06:20:46+00:00,31,Spain,In a Relationship Cohabiting,Heterosexual,No,Master,38000.0,170,62.0,Average,Blue,Brown,5,Medium,Medium (weeks),Rarely,7,Yes,False,True,True,False,True,False,True,False,False,20,12,5,5.0,9,['Business' 'Computer Science' 'Enginering & Architecture'],4.0
2023-04-23 06:33:05+00:00,39,Spain,Married,Heterosexual,Yes,Master,120000.0,183,74.0,Thin,Green,Black,4,Short,Short beard (few days),Occasioanlly,3,No,False,True,False,False,False,False,False,False,False,20,8,6,3.0,8,['Computer Science'],13.0
2023-04-23 06:34:47+00:00,38,Spain,Married,Heterosexual,Yes,Master,45000.0,169,96.0,Overweight,Green,Brown,2,Short,Short beard (few days),Constantly,4,No,False,True,False,False,False,False,False,False,False,6,5,4,6.0,8,['Computer Science' 'Business'],12.0
2023-04-23 07:09:27+00:00,27,Spain,Single,Heterosexual,No,Master,40.0,171,57.0,Average,Brown,Brown,6,Medium,No facial hair,Rarely,8,Yes,True,False,True,False,False,False,True,False,False,15,13,3,6.0,9,['Business'],3.0
2023-04-23 07:14:50+00:00,35,Spain,Married,Bisexual,No,Master,40000.0,163,90.0,Overweight,Hazel,Brown,3,Medium,No facial hair,Constantly,6,Yes,True,True,False,False,True,True,False,False,False,20,9,2,4.0,9,['Other'],3.0
2023-04-23 07:39:11+00:00,37,Venezuela,Single,Heterosexual,Yes,Master,35000.0,164,100.0,Obese,Brown,Blue,5,Medium,No facial hair,Rarely,6,Yes,False,True,False,False,False,False,False,False,False,60,35,5,1.0,7,['Enginering & Architecture' 'Health'],1.0
2023-04-23 07:56:59+00:00,45,Spain,Married,Heterosexual,Yes,Master,120000.0,190,100.0,Average,Green,Blonde,5,Bald,Medium (weeks),Constantly,7,Yes,True,True,True,True,True,True,True,False,False,100,50,10,5.0,9,['Computer Science' 'Science' 'Business'],13.0
2023-04-23 08:55:12+00:00,46,Spain,Married,Bisexual,Yes,College Degree,100000.0,174,68.0,Average,Green,Brown,2,Short,Short beard (few days),Constantly,7,No,True,True,True,False,True,False,False,False,False,15,8,7,4.0,8,['Computer Science'],5.0
2023-04-23 09:38:36+00:00,55,Spain,In a Relationship,Heterosexual,Yes,High School,100000.0,173,70.0,Average,Brown,Grey,3,Short,Short beard (few days),Constantly,7,Yes,False,False,False,False,False,True,False,False,False,6,4,3,3.0,7,['Business'],2.0
2023-04-23 10:13:20+00:00,30,Spain,Married,Heterosexual,No,College Degree,100000.0,174,80.0,Average,Brown,Brown,6,Short,Short beard (few days),Rarely,6,No,False,True,False,False,False,True,False,False,False,3,1,1,2.0,9,['Computer Science'],11.0
2023-04-23 10:16:33+00:00,46,Colombia,Married,Bisexual,Yes,Master,80000.0,175,72.0,Average,Brown,Black,7,Short,No facial hair,Occasioanlly,8,Yes,False,False,False,False,False,False,False,False,False,200,30,4,3.0,4,['Business'],20.0
2023-04-23 10:37:03+00:00,31,Spain,In a Relationship Cohabiting,Heterosexual,No,College Degree,60000.0,170,61.0,Thin,Brown,Black,6,Short,Short beard (few days),Rarely,8,Yes,False,False,False,False,False,False,False,False,False,50,25,3,8.0,9,['Business'],1.0
2023-04-23 10:58:42+00:00,25,Spain,Single,Heterosexual,No,Master,60000.0,180,73.0,Thin,Brown,Brown,6,Long,No facial hair,Rarely,7,Yes,True,True,False,False,True,False,True,False,False,60,15,0,8.0,7,['Science' 'Business'],0.0
2023-04-23 11:47:53+00:00,26,Spain,Single,Heterosexual,No,College Degree,29000.0,185,74.0,Muscular,Brown,Black,6,Medium,Short beard (few days),Rarely,7,No,True,True,False,False,True,False,False,False,True,90,11,1,0.0,7,['Computer Science'],
2023-04-23 13:02:33+00:00,32,Spain,Married,Bisexual,No,College Degree,30000.0,165,54.0,Thin,Brown,Other,1,Short,No facial hair,Regularly,7,Yes,False,True,False,False,False,False,False,False,False,50,12,6,8.0,7,['Art & Humanities'],6.0
2023-04-23 13:13:18+00:00,36,Spain,In a Relationship Cohabiting,Heterosexual,Yes,PhD,75000.0,168,63.0,Average,Brown,Brown,5,Short,Long (months),Occasioanlly,7,No,True,True,False,False,True,False,False,False,True,12,8,3,8.0,8,['Computer Science' 'Enginering & Architecture'],7.0
2023-04-23 13:24:14+00:00,52,Spain,Married,Heterosexual,Yes,College Degree,48000.0,184,84.0,Muscular,Brown,Grey,2,Short,Long (months),Rarely,8,No,False,True,False,False,False,False,False,False,False,1,1,1,4.0,7,['Law & Social Science' 'Art & Humanities' 'Science'],28.0
2023-04-23 14:12:25+00:00,25,Spain,Single,Bisexual,No,Master,24000.0,170,60.0,Thin,Brown,Brown,6,Medium,No facial hair,Rarely,7,Yes,False,True,False,False,True,False,False,False,False,2,0,0,0.0,8,['Health'],0.0
2023-04-23 14:27:29+00:00,25,Venezuela,Single,Heterosexual,No,College Degree,30000.0,174,72.0,Average,Green,Black,2,Short,Medium (weeks),Occasioanlly,7,Yes,False,False,False,False,True,False,False,False,False,4,0,0,0.0,4,['Computer Science' 'Enginering & Architecture'],0.0
2023-04-23 14:40:02+00:00,32,Spain,In a Relationship Cohabiting,Heterosexual,No,Master,70000.0,201,100.0,Average,Brown,Brown,3,Short,Short beard (few days),Regularly,7,Yes,False,False,False,False,False,False,False,False,False,15,9,3,7.0,7,['Enginering & Architecture'],3.0
2023-04-23 15:48:21+00:00,34,Spain,In a Relationship Cohabiting,Homosexual,No,Master,60000.0,175,66.0,Average,Brown,Brown,5,Short,Short beard (few days),Rarely,8,Yes,True,True,False,False,False,False,False,False,False,200,100,4,0.0,7,['Enginering & Architecture'],2.0
2023-04-23 15:58:40+00:00,26,Spain,In a Relationship Cohabiting,Bisexual,No,Master,54000.0,172,80.0,Overweight,Brown,Brown,5,Short,No facial hair,Constantly,7,Yes,False,False,False,False,True,False,False,False,False,15,8,2,1.0,8,['Enginering & Architecture' 'Computer Science'],3.0
2023-04-23 16:25:55+00:00,27,Spain,In a Relationship,Heterosexual,No,Master,20000.0,156,47.0,Thin,Brown,Brown,3,Medium,No facial hair,Rarely,7,No,False,False,True,False,True,True,False,False,False,7,4,4,10.0,7,['Computer Science'],0.5
2023-04-23 16:30:12+00:00,48,Spain,Married,Heterosexual,Yes,College Degree,36000.0,182,90.0,Overweight,Brown,Black,4,Bald,No facial hair,Rarely,8,Yes,False,False,False,False,False,False,False,False,False,50,15,4,4.0,10,['Business' 'Computer Science' 'Science' 'Art & Humanities'],10.0
2023-04-23 16:51:57+00:00,32,Spain,Married,Heterosexual,No,PhD,57000.0,180,79.0,Average,Brown,Brown,2,Long,No facial hair,Constantly,6,Yes,False,False,False,False,False,False,False,False,False,1,1,1,4.0,9,['Science'],2.5
2023-04-23 17:57:06+00:00,28,Spain,Single,Homosexual,No,College Degree,23.0,174,74.0,Average,Brown,Brown,2,Short,Short beard (few days),Occasioanlly,7,Yes,True,False,False,False,True,False,False,False,False,20,23,1,1.0,6,['Enginering & Architecture' 'Computer Science' 'Art & Humanities'],5.0
2023-04-23 18:16:39+00:00,26,Spain,Single,Heterosexual,No,College Degree,26000.0,160,,Muscular,Brown,Brown,6,Medium,No facial hair,Rarely,6,Yes,True,True,False,False,False,True,False,False,False,13,6,2,5.0,7,['Health'],2.0
2023-04-23 18:39:13+00:00,39,Spain,Divorced,Heterosexual,No,College Degree,60000.0,190,88.0,Average,Brown,Brown,4,Medium,Medium (weeks),Occasioanlly,7,No,True,True,True,False,True,True,False,False,False,17,14,5,8.0,8,['Art & Humanities'],3.0
2023-04-23 19:55:46+00:00,38,Spain,In a Relationship Cohabiting,Heterosexual,No,Master,80000.0,172,85.0,Overweight,Green,Black,3,Short,Medium (weeks),Rarely,5,No,True,True,True,False,True,False,False,False,False,75,50,10,5.0,6,['Computer Science'],6.0
2023-04-23 21:19:54+00:00,43,Spain,Married,Homosexual,Yes,Master,300000.0,179,90.0,Overweight,Brown,Grey,5,Short,Short beard (few days),Rarely,8,No,False,False,True,False,False,True,False,False,False,10,6,5,8.0,8,['Health'],26.0
2023-04-23 21:24:37+00:00,43,Spain,Married,Heterosexual,Yes,Master,60000.0,187,75.0,Thin,Brown,Black,2,Short,Short beard (few days),Rarely,5,No,True,False,False,False,False,False,False,False,False,3,1,1,1.0,3,['Computer Science' 'Business'],12.0
2023-04-23 21:51:22+00:00,49,Spain,Married,Heterosexual,No,College Degree,45000.0,160,68.0,Average,Brown,Red,3,Long,No facial hair,Occasioanlly,6,No,True,True,True,False,True,True,False,False,False,20,15,4,3.0,7,['Art & Humanities'],24.0
2023-04-24 08:15:18+00:00,26,Spain,In a Relationship Cohabiting,Homosexual,No,Master,45000.0,180,78.0,Muscular,Other,Brown,3,Long,Short beard (few days),Occasioanlly,8,Yes,False,False,False,False,False,False,False,False,False,50,30,2,10.0,7,['Computer Science' 'Art & Humanities'],4.0
2023-04-24 08:28:58+00:00,28,Spain,In a Relationship,Homosexual,No,Master,48000.0,172,69.0,Average,Brown,Brown,3,Medium,No facial hair,Constantly,7,Yes,False,True,False,False,True,False,False,False,False,7,5,3,20.0,9,['Enginering & Architecture' 'Computer Science'],0.1
2023-04-24 09:54:27+00:00,30,Spain,Married,Heterosexual,Yes,High School,90.0,183,65.0,Average,Brown,Brown,6,Short,Short beard (few days),Rarely,6,Yes,True,True,True,False,True,False,False,False,False,30,20,3,6.0,9,['Enginering & Architecture'],5.0
2023-04-24 18:02:12+00:00,28,Spain,In a Relationship,Bisexual,No,PhD,40000.0,178,60.0,Very thin,Brown,Black,6,Long,Long (months),Constantly,8,Yes,False,True,True,False,True,False,False,False,False,35,25,5,8.0,7,['Science'],0.25
2023-04-24 19:08:21+00:00,29,Spain,Married,Heterosexual,No,Master,44000.0,173,56.0,Thin,Brown,Brown,3,Long,No facial hair,Constantly,7,No,False,True,False,False,True,False,False,False,False,5,3,2,4.0,9,['Computer Science' 'Enginering & Architecture'],8.0
2023-04-25 05:31:14+00:00,24,Spain,Single,Bisexual,No,Technical Education (FP),37000.0,172,60.0,Thin,Brown,Brown,5,Short,No facial hair,Rarely,5,No,False,False,False,False,False,False,False,False,True,0,0,0,0.0,7,['Computer Science'],0.0
2023-04-25 09:26:38+00:00,32,Spain,In a Relationship Cohabiting,Heterosexual,Yes,College Degree,70000.0,170,66.0,Average,Brown,Brown,5,Medium,No facial hair,Rarely,8,Yes,False,False,True,False,False,True,False,False,False,6,3,2,4.0,8,['Computer Science' 'Art & Humanities'],7.0
2023-04-26 18:45:48+00:00,26,Spain,Single,Bisexual,No,Master,20000.0,186,80.0,Muscular,Green,Black,4,Medium,No facial hair,Occasioanlly,8,Yes,True,True,False,False,True,False,False,False,False,20,15,2,5.0,6,['Law & Social Science' 'Business'],
2023-04-27 20:09:48+00:00,22,Germany,Single,Heterosexual,No,College Degree,20000.0,187,80.0,Muscular,Green,Brown,5,Short,Medium (weeks),Occasioanlly,10,Yes,True,True,True,False,True,False,True,False,False,50,35,3,8.0,10,['Other'],
2023-04-28 16:53:34+00:00,50,Cuba,Married,Homosexual,No,College Degree,48000.0,172,80.0,Overweight,Brown,Brown,5,Short,Short beard (few days),Occasioanlly,3,Yes,False,False,False,False,False,False,True,False,False,1000,400,5,15.0,6,['Computer Science'],20.0
2023-05-01 12:06:10+00:00,21,France,Single,Heterosexual,No,College Degree,20000.0,187,70.0,Thin,Grey,Blonde,5,Long,No facial hair,Rarely,8,Yes,True,False,False,False,True,True,False,False,False,40,6,1,3.0,9,['Business'],2.4
2023-05-02 16:42:21+00:00,33,Spain,In a Relationship,Homosexual,No,College Degree,120000.0,184,80.0,Average,Brown,Brown,4,Short,Medium (weeks),Rarely,7,Yes,True,True,False,False,True,False,False,False,False,220,200,7,10.0,8,['Health'],0.5
2023-05-03 12:47:08+00:00,34,Spain,Single,Heterosexual,No,Master,72000.0,174,65.0,Average,Brown,Brown,5,Medium,Short beard (few days),Regularly,6,Yes,True,True,False,False,False,False,False,False,False,30,15,2,1.0,5,['Enginering & Architecture'],0.3
2023-05-06 11:02:50+00:00,23,Germany,In a Relationship,Bisexual,No,College Degree,30000.0,164,50.0,Thin,Hazel,Black,3,Medium,No facial hair,Rarely,9,Yes,True,True,True,False,True,False,True,False,False,25,15,5,5.0,8,['Art & Humanities' 'Business'],0.5
2023-05-09 09:00:40+00:00,36,Spain,Married,Heterosexual,No,Master,50000.0,175,67.0,Thin,Grey,Brown,5,Short,No facial hair,Rarely,7,Yes,False,True,True,False,False,False,False,False,False,25,20,7,2.0,8,['Computer Science' 'Science'],
